opp_id,account,opp_name,owner,stage,amount,currency,created_date,close_date,last_activity_date,next_step,next_step_date,forecast_category,contact_count,product_line,stage_entered_date,close_date_changes
OPP-0001,Pioneernetworks Group,Pioneernetworks Group InsightHub upgrade,Rowan Westerley,propose,69114.41,USD,2026-04-07,2026-07-11,2026-08-06,Present pricing options to IT steering group,2026-08-20,best_case,7,InsightHub,2026-07-19,0
OPP-0002,Novaindustries LLC,Novaindustries LLC InsightHub expansion,Blair Hollowell,prospect,290285.33,USD,2026-04-01,2026-09-28,2026-07-01,Propose rollout plan to legal counsel,2026-08-24,pipeline,1,InsightHub,2026-07-16,0
OPP-0003,Harbormanufacturing LLC,Harbormanufacturing LLC SecureStack expansion,Wren Ivesdale,prospect,21020.26,USD,2026-03-30,2027-08-30,2026-07-19,sync soon,2026-08-30,pipeline,8,SecureStack,2026-07-17,0
OPP-0004,Harborrobotics Inc,Harborrobotics Inc FlowOps renewal,Harper Bramwell,propose,223513.95,USD,2026-06-11,2026-09-23,2026-08-04,Review contract redlines with the exec sponsor,2026-08-22,pipeline,0,FlowOps,2026-07-20,0
OPP-0005,Cedarfreight Group,Cedarfreight Group FlowOps new logo,Sage Jasperson,prospect,66560.10,USD,2026-06-11,2026-10-04,2026-08-09,Present pricing options to legal counsel,2026-08-19,pipeline,6,FlowOps,2026-07-19,1
OPP-0006,Novalabs Co,Novalabs Co EdgeConnect upgrade,Riley Ristori,prospect,72572.79,USD,2026-04-01,2026-12-31,2026-07-18,Deliver ROI analysis to legal counsel,,pipeline,2,EdgeConnect,2026-07-14,0
OPP-0007,Pioneersoftware Corp,Pioneersoftware Corp SecureStack renewal,Riley Hollowell,develop,41681.04,USD,2026-05-21,2026-12-20,2026-07-29,sync soon,2026-08-29,best_case,5,SecureStack,2026-07-03,0
OPP-0008,Ironrobotics Corp,Ironrobotics Corp InsightHub expansion,Riley Southgate,commit,92097.30,USD,2026-04-28,2026-10-17,2026-08-09,Confirm security questionnaire with the CFO office,2026-08-17,pipeline,4,InsightHub,2026-06-02,1
OPP-0009,Novasoftware LLC,Novasoftware LLC SecureStack pilot,Wren Yardley,develop,109452.74,USD,2026-05-30,2026-09-30,2026-08-07,Propose rollout plan to procurement,2026-08-28,pipeline,5,SecureStack,2026-06-26,0
OPP-0010,Solarretail LLC,Solarretail LLC EdgeConnect upgrade,Reese Northcote,commit,589406.85,USD,2026-04-08,2027-03-29,2026-08-08,,,omitted,7,EdgeConnect,2026-07-20,1
OPP-0011,Lunarindustries LLC,Lunarindustries LLC DataSuite renewal,Greer Ristori,closed_won,34003.09,USD,2026-01-22,2026-06-15,2026-06-13,,,omitted,2,DataSuite,2026-05-21,0
OPP-0012,Lunarmedia LLC,Lunarmedia LLC SecureStack renewal,Sage Vantrease,develop,22549.12,USD,2026-05-23,2027-05-14,2026-07-26,Negotiate payment terms with the exec sponsor,2026-08-28,pipeline,7,SecureStack,2026-07-20,1
OPP-0013,Northernmanufacturing Inc,Northernmanufacturing Inc EdgeConnect upgrade,Kendall Lindqvist,qualify,464243.72,USD,2026-04-01,2026-09-27,2026-05-11,Confirm contract start date with legal,2026-08-11,pipeline,7,EdgeConnect,2026-06-02,0
OPP-0014,Irondynamics LLC,Irondynamics LLC DataSuite expansion,Darby Bramwell,qualify,75482.96,USD,2026-07-01,2026-09-21,2026-08-10,Review contract redlines with the platform team,2026-07-17,commit,8,DataSuite,2026-07-12,1
OPP-0015,Silvermedical LLC,Silvermedical LLC CorePlatform pilot,Finley Underhill,develop,138064.84,USD,2026-07-01,2026-09-26,2026-08-05,Send updated proposal to IT steering group,2026-08-29,pipeline,4,CorePlatform,2026-07-11,0
OPP-0016,Novafreight Group,Novafreight Group FlowOps upgrade,Jordan Vantrease,prospect,172264.61,USD,2026-04-01,2026-12-29,2026-06-29,,,omitted,6,FlowOps,2026-07-15,1
OPP-0017,Summitholdings Corp,Summitholdings Corp DataSuite upgrade,Logan Ivesdale,develop,160393.44,USD,2026-04-17,2027-01-15,2026-07-27,Confirm security questionnaire with IT steering group,2026-08-18,commit,6,DataSuite,2026-07-07,2
OPP-0018,Goldenretail Co,Goldenretail Co DataSuite upgrade,Sage Oakhurst,develop,24712.57,USD,2026-04-13,2026-09-29,2026-07-22,Send updated proposal to legal counsel,2026-08-17,pipeline,8,DataSuite,2026-06-28,4
OPP-0019,Atlaslabs Group,Atlaslabs Group DataSuite expansion,Morgan Calloway,propose,71861.97,USD,2026-04-04,2026-09-25,2026-08-08,Deliver ROI analysis to IT steering group,,omitted,7,DataSuite,2026-06-02,0
OPP-0020,Harborenergy LLC,Harborenergy LLC EdgeConnect expansion,Corin Farrow,develop,48103.11,USD,2026-05-16,2026-09-24,2026-07-23,Schedule technical deep-dive with the CFO office,2026-08-20,commit,3,EdgeConnect,2026-06-26,0
OPP-0021,Atlasretail Inc,Atlasretail Inc CorePlatform upgrade,Harper Ivesdale,prospect,62087.78,USD,2026-05-06,2026-12-25,2026-08-10,Propose rollout plan to IT steering group,2026-08-16,best_case,3,CorePlatform,2026-07-11,0
OPP-0022,Ironmedia Inc,Ironmedia Inc DataSuite renewal,Logan Denholm,develop,67372.81,USD,2026-05-04,2027-07-28,2026-07-25,sync soon,2026-08-20,pipeline,5,DataSuite,2026-07-08,0
OPP-0023,Granitenetworks Corp,Granitenetworks Corp CorePlatform pilot,Blair Denholm,qualify,160267.18,USD,2026-06-06,2026-09-26,2026-08-09,Propose rollout plan to procurement,2026-08-18,omitted,5,CorePlatform,2026-07-17,0
OPP-0024,Goldenfoods Co,Goldenfoods Co EdgeConnect expansion,Zion Northcote,qualify,95584.90,USD,2026-05-28,2026-12-30,2026-07-27,Propose rollout plan to the exec sponsor,2026-08-13,best_case,8,EdgeConnect,2026-07-16,0
OPP-0025,Pacificindustries Corp,Pacificindustries Corp EdgeConnect upgrade,Tatum Ivesdale,propose,1199093.31,USD,2026-04-11,2026-12-30,2026-07-29,Confirm security questionnaire with the CFO office,2026-07-01,pipeline,8,EdgeConnect,2026-07-18,0
OPP-0026,Silveraerospace Inc,Silveraerospace Inc FlowOps pilot,Frankie Denholm,develop,32522.92,USD,2026-05-19,2027-03-23,2026-07-24,Confirm security questionnaire with IT steering group,2026-08-14,omitted,7,FlowOps,2026-07-19,2
OPP-0027,Harbormanufacturing Group,Harbormanufacturing Group InsightHub expansion,Tatum Underhill,develop,205993.41,USD,2026-04-30,2026-12-30,2026-08-01,Schedule technical deep-dive with procurement,2026-08-31,best_case,5,InsightHub,2026-07-06,0
OPP-0028,Quartzmedia Co,Quartzmedia Co FlowOps renewal,Skyler Grantley,commit,100786.09,USD,2026-05-12,2026-12-31,2026-08-06,Review contract redlines with the exec sponsor,2026-08-28,pipeline,2,FlowOps,2026-07-20,0
OPP-0029,Crimsonfoods Co,Crimsonfoods Co InsightHub upgrade,Harper Grantley,propose,8489.04,USD,2026-04-09,2026-09-30,2026-07-28,Propose rollout plan to the CFO office,2026-08-25,best_case,6,InsightHub,2026-07-11,0
OPP-0030,Granitefoods Inc,Granitefoods Inc SecureStack expansion,Avery Calloway,prospect,277339.59,USD,2026-03-23,2027-03-29,2026-07-11,Present pricing options to the exec sponsor,2026-08-12,pipeline,3,SecureStack,2026-07-14,0
OPP-0031,Pioneermaterials Corp,Pioneermaterials Corp EdgeConnect upgrade,Sage Bramwell,propose,29344.31,USD,2026-04-14,2026-10-19,2026-08-05,,,commit,3,EdgeConnect,2026-07-11,2
OPP-0032,Ironlabs Group,Ironlabs Group EdgeConnect upgrade,Hollis Southgate,prospect,294188.20,USD,2026-03-09,2026-12-29,2026-07-01,Confirm security questionnaire with procurement,2026-08-12,pipeline,3,EdgeConnect,2026-07-19,0
OPP-0033,Atlassoftware Group,Atlassoftware Group FlowOps expansion,Zion Calloway,develop,238870.65,USD,2026-04-01,2026-06-08,2026-05-20,Confirm contract start date with legal,2026-08-24,best_case,2,FlowOps,2026-05-14,1
OPP-0034,Silverfinancial Group,Silverfinancial Group InsightHub new logo,Greer Westerley,qualify,42634.59,USD,2026-05-16,2027-03-30,2026-07-19,Review contract redlines with the exec sponsor,2026-08-26,pipeline,4,InsightHub,2026-07-16,1
OPP-0035,Atlasanalytics Inc,Atlasanalytics Inc FlowOps expansion,Parker Thistlewood,commit,52151.05,USD,2026-06-09,2027-03-24,2026-08-03,Deliver ROI analysis to the CFO office,2026-08-31,pipeline,6,FlowOps,2026-07-20,0
OPP-0036,Pacificlabs Group,Pacificlabs Group CorePlatform upgrade,Vesper Calloway,develop,209082.92,USD,2026-05-13,2026-09-28,2026-08-06,Waiting on customer legal team feedback,2026-08-19,omitted,4,CorePlatform,2026-07-03,0
OPP-0037,Atlasfinancial Corp,Atlasfinancial Corp FlowOps new logo,Ellis Lindqvist,commit,884008.80,USD,2026-07-01,2027-03-23,2026-08-09,Schedule technical deep-dive with the exec sponsor,2026-08-22,omitted,5,FlowOps,2026-07-20,0
OPP-0038,Pacificlogistics Inc,Pacificlogistics Inc DataSuite pilot,Kendall Grantley,prospect,114925.29,USD,2026-05-18,2026-09-30,2026-06-27,Present pricing options to procurement,2026-08-12,pipeline,6,DataSuite,2026-07-16,1
OPP-0039,Crimsonnetworks Corp,Crimsonnetworks Corp SecureStack renewal,Casey Grantley,develop,95735.88,USD,2026-05-22,2027-03-26,2026-07-22,,,commit,3,SecureStack,2026-07-07,1
OPP-0040,Cascadefinancial LLC,Cascadefinancial LLC CorePlatform pilot,Avery Ristori,develop,446823.22,USD,2026-04-10,2026-09-29,2026-07-27,Send updated proposal to procurement,2026-08-21,pipeline,4,CorePlatform,2026-07-18,0
OPP-0041,Crimsonrobotics Co,Crimsonrobotics Co EdgeConnect expansion,Rowan Hollowell,propose,31523.42,USD,2026-06-15,2026-09-21,2026-08-08,Schedule technical deep-dive with the platform team,2026-08-11,pipeline,6,EdgeConnect,2026-07-12,0
OPP-0042,Bluesystems Corp,Bluesystems Corp SecureStack upgrade,Quinn Ristori,propose,45395.38,USD,2026-07-01,2026-09-28,2026-08-03,Send updated proposal to the platform team,2026-08-27,pipeline,5,SecureStack,2026-07-12,0
OPP-0043,Lunarnetworks Corp,Lunarnetworks Corp SecureStack renewal,Marlow Bramwell,commit,46128.84,USD,2026-04-23,2027-01-06,2026-08-04,Schedule technical deep-dive with the platform team,2026-07-16,commit,4,SecureStack,2026-07-20,1
OPP-0044,Novaenergy LLC,Novaenergy LLC InsightHub expansion,Quinn Oakhurst,qualify,232907.42,USD,2026-05-05,2026-06-05,2026-07-30,Schedule technical deep-dive with procurement,2026-08-13,pipeline,4,InsightHub,2026-07-18,0
OPP-0045,Quartzanalytics Corp,Quartzanalytics Corp DataSuite expansion,Tatum Lindqvist,qualify,19894.34,USD,2026-04-21,2026-05-30,2026-06-16,,,best_case,7,DataSuite,2026-06-10,1
OPP-0046,Crimsondynamics LLC,Crimsondynamics LLC DataSuite pilot,Hollis Underhill,qualify,227804.80,USD,2026-04-01,2026-12-26,2026-07-19,Confirm security questionnaire with the platform team,2026-08-20,omitted,2,DataSuite,2026-07-16,3
OPP-0047,Ironindustries Group,Ironindustries Group SecureStack upgrade,Riley Grantley,propose,42560.48,USD,2026-03-12,2026-09-28,2026-07-29,Send updated proposal to the CFO office,2026-08-16,best_case,5,SecureStack,2026-07-11,0
OPP-0048,Cedarsystems Inc,Cedarsystems Inc DataSuite new logo,Darby Ashford,qualify,56696.88,USD,2026-03-31,2027-05-26,2026-07-20,Confirm security questionnaire with procurement,2026-08-18,omitted,5,DataSuite,2026-07-11,0
OPP-0049,Ironfreight Inc,Ironfreight Inc SecureStack expansion,Noor Underhill,propose,106046.58,USD,2026-04-01,2026-12-31,2026-08-02,Deliver ROI analysis to procurement,2026-08-23,omitted,5,SecureStack,2026-05-28,1
OPP-0050,Harborfreight Co,Harborfreight Co SecureStack pilot,Blair Oakhurst,develop,241291.92,USD,2026-03-07,2026-06-22,2026-06-08,Deliver ROI analysis to procurement,2026-07-06,omitted,2,SecureStack,2026-05-30,0
OPP-0051,Vertexindustries Co,Vertexindustries Co FlowOps expansion,Vesper Westerley,closed_lost,42007.06,USD,2026-01-27,2026-06-06,2026-06-05,,,omitted,3,FlowOps,2026-05-11,1
OPP-0052,Cedarfoods Group,Cedarfoods Group DataSuite upgrade,Darby Kirkwood,propose,27693.59,USD,2026-03-23,2026-09-30,2026-08-08,Propose rollout plan to the platform team,2026-08-29,pipeline,3,DataSuite,2026-05-26,0
OPP-0053,Crimsonaerospace Inc,Crimsonaerospace Inc EdgeConnect upgrade,Hollis Marchetti,closed_won,137313.87,USD,2026-04-18,2026-06-11,2026-06-09,,,omitted,3,EdgeConnect,2026-04-30,0
OPP-0054,Northernlogistics Group,Northernlogistics Group FlowOps expansion,Zion Ristori,prospect,181637.86,USD,2026-05-07,2026-06-12,2026-07-13,Propose rollout plan to legal counsel,2026-08-15,omitted,6,FlowOps,2026-07-11,0
OPP-0055,Pioneerlogistics Co,Pioneerlogistics Co FlowOps upgrade,Zion Vantrease,qualify,126452.01,USD,2026-04-08,2026-12-29,2026-07-29,Send updated proposal to the platform team,2026-08-31,omitted,6,FlowOps,2026-07-14,0
OPP-0056,Cascadeaerospace Inc,Cascadeaerospace Inc FlowOps upgrade,Quinn Lindqvist,develop,24845.16,USD,2026-06-16,2027-03-30,2026-08-06,Circle back once procurement responds,2026-08-31,omitted,3,FlowOps,2026-07-01,1
OPP-0057,Solarsystems Group,Solarsystems Group InsightHub renewal,Skyler Ivesdale,qualify,377242.27,USD,2026-04-02,2026-09-29,2026-08-06,Schedule technical deep-dive with legal counsel,2026-08-28,omitted,8,InsightHub,2026-07-19,0
OPP-0058,Harborlabs Corp,Harborlabs Corp DataSuite new logo,Reese Denholm,prospect,298130.61,USD,2026-03-16,2026-12-31,2026-06-28,Touch base after their team offsite,2026-08-25,pipeline,3,DataSuite,2026-07-17,0
OPP-0059,Crimsonmaterials Inc,Crimsonmaterials Inc FlowOps pilot,Sage Eastvale,qualify,779667.19,USD,2026-03-05,2027-07-18,2026-07-11,Check in on budget status internally,2026-08-12,pipeline,6,FlowOps,2026-07-18,1
OPP-0060,Summitenergy LLC,Summitenergy LLC CorePlatform new logo,Corin Kirkwood,propose,18904.76,USD,2026-04-18,2026-12-21,2026-06-09,,,pipeline,3,CorePlatform,2026-07-20,0
OPP-0061,Cascadematerials Co,Cascadematerials Co InsightHub upgrade,Rowan Westerley,develop,60218.79,USD,2026-04-25,2026-05-25,2026-08-06,Send updated proposal to procurement,2026-08-11,pipeline,4,InsightHub,2026-06-26,1
OPP-0062,Cascadelabs Corp,Cascadelabs Corp CorePlatform pilot,Blair Hollowell,qualify,15739.25,USD,2026-05-11,2027-07-30,2026-08-08,Send updated proposal to the platform team,2026-08-27,pipeline,8,CorePlatform,2026-07-19,1
OPP-0063,Crimsonindustries Group,Crimsonindustries Group DataSuite expansion,Wren Ivesdale,prospect,61323.56,USD,2026-04-01,2027-05-20,2026-07-17,Check in on budget status internally,2026-08-19,pipeline,4,DataSuite,2026-07-13,0
OPP-0064,Ironnetworks Inc,Ironnetworks Inc EdgeConnect new logo,Harper Bramwell,qualify,12024.38,USD,2026-03-12,2026-12-23,2026-07-19,sync soon,2026-08-12,pipeline,8,EdgeConnect,2026-07-13,1
OPP-0065,Silverfoods LLC,Silverfoods LLC SecureStack upgrade,Sage Jasperson,develop,12079.22,USD,2026-06-10,2026-06-29,2026-08-09,Deliver ROI analysis to the exec sponsor,2026-08-23,omitted,3,SecureStack,2026-06-30,0
OPP-0066,Goldenmanufacturing Corp,Goldenmanufacturing Corp EdgeConnect upgrade,Riley Ristori,qualify,16798.67,USD,2026-04-01,2026-12-23,2026-05-30,Confirm security questionnaire with IT steering group,2026-08-25,best_case,5,EdgeConnect,2026-07-19,0
OPP-0067,Ironindustries Corp,Ironindustries Corp EdgeConnect pilot,Riley Hollowell,closed_lost,534438.62,USD,2026-03-24,2026-06-04,2026-05-31,,,omitted,1,EdgeConnect,2026-05-03,0
OPP-0068,Solarenergy Corp,Solarenergy Corp EdgeConnect new logo,Riley Southgate,qualify,22303.63,USD,2026-05-10,2026-09-28,2026-07-22,Deliver ROI analysis to the exec sponsor,2026-08-13,best_case,7,EdgeConnect,2026-07-18,0
OPP-0069,Northernmanufacturing Corp,Northernmanufacturing Corp CorePlatform new logo,Wren Yardley,propose,146951.75,USD,2026-05-05,2026-09-23,2026-08-07,Review contract redlines with procurement,2026-08-15,omitted,6,CorePlatform,2026-07-11,1
OPP-0070,Blueenergy Co,Blueenergy Co InsightHub new logo,Reese Northcote,develop,97636.73,USD,2026-07-01,2026-12-18,2026-07-30,Review final pricing with the CFO office,2026-08-18,omitted,3,InsightHub,2026-07-04,0
OPP-0071,Lunarfinancial LLC,Lunarfinancial LLC DataSuite upgrade,Greer Ristori,prospect,26054.82,USD,2026-05-11,2026-09-23,2026-08-02,Deliver ROI analysis to the CFO office,2026-06-21,omitted,5,DataSuite,2026-07-15,0
OPP-0072,Lunarholdings LLC,Lunarholdings LLC FlowOps new logo,Sage Vantrease,propose,255430.64,USD,2026-03-21,2026-09-29,2026-08-05,Schedule technical deep-dive with IT steering group,2026-08-17,pipeline,1,FlowOps,2026-07-12,0
OPP-0073,Atlasnetworks Co,Atlasnetworks Co SecureStack pilot,Kendall Lindqvist,develop,198881.09,USD,2026-06-24,2026-12-25,2026-06-21,Schedule technical deep-dive with procurement,2026-08-31,omitted,3,SecureStack,2026-07-19,0
OPP-0074,Pioneermedia LLC,Pioneermedia LLC EdgeConnect new logo,Darby Bramwell,develop,36139.32,USD,2026-05-03,2026-10-24,2026-08-05,,,commit,7,EdgeConnect,2026-07-06,2
OPP-0075,Silvermedia Corp,Silvermedia Corp DataSuite renewal,Finley Underhill,commit,139229.85,USD,2026-06-07,2026-09-30,2026-08-03,Present pricing options to procurement,2026-08-12,omitted,1,DataSuite,2026-07-20,0
OPP-0076,Quartzfinancial Group,Quartzfinancial Group CorePlatform expansion,Jordan Vantrease,propose,156950.23,USD,2026-06-20,2026-09-27,2026-07-27,Negotiate payment terms with legal counsel,2026-08-25,commit,0,CorePlatform,2026-07-16,1
OPP-0077,Lunarholdings Co,Lunarholdings Co FlowOps pilot,Logan Ivesdale,propose,88462.35,USD,2026-07-01,2026-09-28,2026-08-01,Confirm security questionnaire with procurement,2026-08-23,best_case,5,FlowOps,2026-07-12,2
OPP-0078,Cascademedia Co,Cascademedia Co DataSuite new logo,Sage Oakhurst,qualify,68584.56,USD,2026-07-01,2026-12-30,2026-07-25,next steps,2026-08-26,best_case,4,DataSuite,2026-07-20,1
OPP-0079,Granitelabs Inc,Granitelabs Inc InsightHub upgrade,Morgan Calloway,qualify,406694.84,USD,2026-05-07,2026-09-22,2026-05-14,Deliver ROI analysis to the platform team,2026-07-16,omitted,6,InsightHub,2026-07-16,1
OPP-0080,Novanetworks Inc,Novanetworks Inc SecureStack new logo,Corin Farrow,qualify,75992.15,USD,2026-04-01,2026-09-24,2026-07-17,Review contract redlines with procurement,2026-08-29,omitted,3,SecureStack,2026-07-14,2
OPP-0081,Pioneermanufacturing Corp,Pioneermanufacturing Corp InsightHub new logo,Harper Ivesdale,qualify,148216.19,USD,2026-04-13,2027-08-31,2026-07-19,Deliver ROI analysis to the platform team,2026-08-26,omitted,5,InsightHub,2026-07-18,0
OPP-0082,Pacificfoods Corp,Pacificfoods Corp EdgeConnect pilot,Logan Denholm,propose,520929.96,USD,2026-05-30,2026-12-30,2026-08-06,No movement until their reorg settles,2026-08-17,pipeline,4,EdgeConnect,2026-07-12,0
OPP-0083,Northernholdings Corp,Northernholdings Corp DataSuite renewal,Blair Denholm,qualify,29591.00,USD,2026-04-14,2027-03-29,2026-07-11,Send updated proposal to IT steering group,2026-08-13,pipeline,5,DataSuite,2026-05-26,0
OPP-0084,Cascadedynamics Co,Cascadedynamics Co DataSuite upgrade,Zion Northcote,develop,29499.20,USD,2026-04-01,2026-12-30,2026-07-21,Negotiate payment terms with IT steering group,2026-08-26,pipeline,7,DataSuite,2026-07-13,0
OPP-0085,Vertexfreight LLC,Vertexfreight LLC CorePlatform upgrade,Tatum Ivesdale,develop,343321.85,USD,2026-06-14,2026-06-27,2026-07-21,Review contract redlines with legal counsel,2026-08-12,omitted,4,CorePlatform,2026-07-19,0
OPP-0086,Quartzlogistics Group,Quartzlogistics Group DataSuite upgrade,Frankie Denholm,propose,75297.88,USD,2026-04-10,2026-09-26,2026-07-27,Propose rollout plan to the CFO office,2026-08-27,best_case,2,DataSuite,2026-07-15,0
OPP-0087,Harbordynamics Group,Harbordynamics Group SecureStack renewal,Tatum Underhill,prospect,107247.62,USD,2026-04-28,2026-12-31,2026-07-14,Touch base after their board meeting,2026-08-15,best_case,7,SecureStack,2026-07-12,1
OPP-0088,Zenithlogistics Group,Zenithlogistics Group EdgeConnect pilot,Skyler Grantley,qualify,50606.79,USD,2026-06-04,2026-12-26,2026-07-20,Negotiate payment terms with the platform team,2026-08-27,omitted,4,EdgeConnect,2026-07-19,0
OPP-0089,Crimsonindustries Co,Crimsonindustries Co CorePlatform expansion,Harper Grantley,develop,24121.03,USD,2026-03-05,2026-05-30,2026-08-03,Schedule technical deep-dive with legal counsel,2026-08-25,best_case,5,CorePlatform,2026-06-29,0
OPP-0090,Northernanalytics Co,Northernanalytics Co SecureStack upgrade,Avery Calloway,qualify,260998.05,USD,2026-04-23,2026-09-27,2026-07-20,Schedule technical deep-dive with legal counsel,2026-08-25,omitted,0,SecureStack,2026-07-17,0
OPP-0091,Summitretail Inc,Summitretail Inc EdgeConnect upgrade,Sage Bramwell,develop,62560.32,USD,2026-04-15,2026-09-29,2026-08-08,Schedule technical deep-dive with legal counsel,2026-08-12,omitted,8,EdgeConnect,2026-07-19,2
OPP-0092,Lunarmedical Co,Lunarmedical Co DataSuite renewal,Hollis Southgate,develop,10023.33,USD,2026-03-05,2027-03-20,2026-08-08,Present pricing options to the platform team,2026-08-22,pipeline,5,DataSuite,2026-06-29,1
OPP-0093,Goldenmedia Inc,Goldenmedia Inc DataSuite renewal,Zion Calloway,commit,122914.98,USD,2026-04-01,2026-09-22,2026-06-13,Review contract redlines with the platform team,2026-08-14,pipeline,5,DataSuite,2026-07-20,0
OPP-0094,Ironmedical Corp,Ironmedical Corp DataSuite pilot,Greer Westerley,closed_won,13716.14,USD,2026-04-09,2026-05-23,2026-05-19,,,omitted,3,DataSuite,2026-05-15,0
OPP-0095,Goldenmaterials Corp,Goldenmaterials Corp CorePlatform new logo,Parker Thistlewood,qualify,57473.38,USD,2026-04-22,2026-09-20,2026-07-28,No movement until their reorg settles,2026-08-16,best_case,4,CorePlatform,2026-07-16,0
OPP-0096,Goldenmaterials Co,Goldenmaterials Co DataSuite upgrade,Vesper Calloway,propose,96161.29,USD,2026-04-13,2026-09-29,2026-08-07,Present pricing options to the exec sponsor,2026-08-12,best_case,3,DataSuite,2026-07-17,1
OPP-0097,Pioneerlabs Inc,Pioneerlabs Inc DataSuite renewal,Ellis Lindqvist,develop,82398.27,USD,2026-03-28,2026-12-31,2026-08-04,Review contract redlines with the exec sponsor,2026-08-17,omitted,7,DataSuite,2026-06-26,0
OPP-0098,Pacificsoftware Inc,Pacificsoftware Inc FlowOps upgrade,Kendall Grantley,closed_won,38815.66,USD,2026-05-03,2026-07-27,2026-07-22,Deliver ROI analysis to IT steering group,2026-08-05,best_case,6,FlowOps,2026-07-20,1
OPP-0099,Quartzfoods LLC,Quartzfoods LLC SecureStack pilot,Casey Grantley,prospect,108795.45,USD,2026-04-16,2027-03-25,2026-07-25,Negotiate payment terms with IT steering group,2026-08-15,commit,6,SecureStack,2026-07-12,0
OPP-0100,Cascadematerials Corp,Cascadematerials Corp DataSuite pilot,Avery Ristori,develop,54116.19,USD,2026-05-17,2026-10-10,2026-07-27,,,commit,8,DataSuite,2026-07-15,2
OPP-0101,Lunarmaterials Corp,Lunarmaterials Corp CorePlatform expansion,Rowan Hollowell,develop,47496.04,USD,2026-04-11,2026-07-17,2026-07-25,Propose rollout plan to the platform team,2026-08-26,pipeline,3,CorePlatform,2026-07-06,0
OPP-0102,Summitenergy Corp,Summitenergy Corp SecureStack pilot,Quinn Ristori,qualify,117972.22,USD,2026-06-06,2026-09-30,2026-08-03,Deliver ROI analysis to IT steering group,2026-08-23,commit,3,SecureStack,2026-07-17,0
OPP-0103,Goldenfoods Co,Goldenfoods Co CorePlatform pilot,Marlow Bramwell,propose,147580.06,USD,2026-04-17,2026-09-28,2026-08-04,Send updated proposal to the platform team,2026-08-16,pipeline,8,CorePlatform,2026-07-12,3
OPP-0104,Silverindustries Group,Silverindustries Group DataSuite pilot,Quinn Oakhurst,commit,270807.90,USD,2026-04-01,2026-09-30,2026-06-08,Send updated proposal to the CFO office,2026-07-01,pipeline,4,DataSuite,2026-07-20,0
OPP-0105,Summitfoods Co,Summitfoods Co InsightHub pilot,Tatum Lindqvist,qualify,81842.31,USD,2026-05-07,2026-05-31,2026-07-16,Send updated proposal to procurement,2026-08-24,pipeline,8,InsightHub,2026-07-19,0
OPP-0106,Cascademedical LLC,Cascademedical LLC FlowOps upgrade,Hollis Underhill,qualify,144347.81,USD,2026-05-26,2026-06-20,2026-08-05,Confirm security questionnaire with the CFO office,2026-08-13,pipeline,5,FlowOps,2026-07-11,4
OPP-0107,Summitmedia Co,Summitmedia Co EdgeConnect upgrade,Riley Grantley,prospect,28009.17,USD,2026-04-26,2026-09-30,2026-07-13,Schedule technical deep-dive with procurement,2026-08-13,omitted,4,EdgeConnect,2026-07-12,1
OPP-0108,Harborfinancial Co,Harborfinancial Co DataSuite upgrade,Darby Ashford,closed_won,23321.37,USD,2026-01-30,2026-07-09,2026-07-04,,,omitted,3,DataSuite,2026-05-30,1
OPP-0109,Silverfoods Co,Silverfoods Co SecureStack new logo,Noor Underhill,qualify,41583.99,USD,2026-07-01,2026-09-29,2026-07-22,,,pipeline,4,SecureStack,2026-07-11,1
OPP-0110,Pacificfinancial LLC,Pacificfinancial LLC EdgeConnect upgrade,Blair Oakhurst,closed_won,245499.96,USD,2026-04-01,2026-07-27,2026-06-05,Deliver ROI analysis to IT steering group,2026-06-26,best_case,4,EdgeConnect,2026-06-09,1
OPP-0111,Summitfreight Corp,Summitfreight Corp DataSuite new logo,Vesper Westerley,qualify,76757.64,USD,2026-02-21,2026-09-23,2026-07-11,Review contract redlines with the exec sponsor,2026-08-20,omitted,6,DataSuite,2026-05-27,0
OPP-0112,Summitlogistics LLC,Summitlogistics LLC FlowOps new logo,Darby Kirkwood,propose,58388.30,USD,2026-05-22,2026-09-28,2026-08-02,No movement until their reorg settles,2026-08-30,pipeline,6,FlowOps,2026-07-20,1
OPP-0113,Northernfinancial Co,Northernfinancial Co DataSuite new logo,Hollis Marchetti,develop,258707.90,USD,2026-07-01,2027-06-23,2026-08-07,waiting,2026-08-25,omitted,8,DataSuite,2026-07-20,1
OPP-0114,Zenithsystems Inc,Zenithsystems Inc CorePlatform new logo,Zion Ristori,qualify,794162.78,USD,2026-06-17,2026-09-27,2026-07-25,Propose rollout plan to the platform team,2026-08-25,pipeline,4,CorePlatform,2026-07-13,0
OPP-0115,Quartzsoftware Co,Quartzsoftware Co SecureStack upgrade,Zion Vantrease,prospect,86510.76,USD,2026-04-01,2026-09-27,2026-07-01,Review final pricing with the CFO office,2026-08-11,pipeline,6,SecureStack,2026-07-18,1
OPP-0116,Novamaterials LLC,Novamaterials LLC EdgeConnect new logo,Quinn Lindqvist,closed_won,26620.60,USD,2026-03-19,2026-06-14,2026-06-09,,,omitted,6,EdgeConnect,2026-06-05,1
OPP-0117,Novamanufacturing Group,Novamanufacturing Group FlowOps renewal,Skyler Ivesdale,develop,213179.19,USD,2026-03-10,2026-09-27,2026-06-09,Present pricing options to IT steering group,2026-08-14,pipeline,4,FlowOps,2026-07-01,0
OPP-0118,Crimsondynamics Corp,Crimsondynamics Corp DataSuite renewal,Reese Denholm,prospect,121053.96,USD,2026-05-24,2026-09-18,2026-07-06,Present pricing options to IT steering group,2026-08-25,best_case,7,DataSuite,2026-07-18,0
OPP-0119,Harbormaterials Group,Harbormaterials Group DataSuite upgrade,Sage Eastvale,develop,0.00,USD,2026-07-01,2026-12-29,2026-07-26,Send updated proposal to the CFO office,2026-08-20,omitted,5,DataSuite,2026-07-15,1
OPP-0120,Novarobotics Group,Novarobotics Group CorePlatform upgrade,Corin Kirkwood,develop,41372.42,USD,2026-04-01,2026-12-23,2026-05-25,Propose rollout plan to legal counsel,2026-08-17,omitted,4,CorePlatform,2026-06-26,0
OPP-0121,Graniteenergy Co,Graniteenergy Co EdgeConnect pilot,Rowan Westerley,prospect,64474.52,USD,2026-05-10,2026-06-10,2026-06-26,Present pricing options to the CFO office,2026-08-17,omitted,7,EdgeConnect,2026-07-11,0
OPP-0122,Pioneerrobotics Corp,Pioneerrobotics Corp SecureStack renewal,Blair Hollowell,closed_lost,28415.91,USD,2026-06-04,2026-08-10,2026-08-08,Present pricing options to the platform team,2026-08-15,omitted,8,SecureStack,2026-07-14,1
OPP-0123,Summitsoftware Group,Summitsoftware Group CorePlatform pilot,Wren Ivesdale,qualify,34291.12,USD,2026-04-22,2026-09-27,2026-07-19,Deliver ROI analysis to legal counsel,2026-08-11,best_case,8,CorePlatform,2026-07-15,0
OPP-0124,Northerndynamics Inc,Northerndynamics Inc DataSuite upgrade,Harper Bramwell,propose,39760.42,USD,2026-03-14,2026-06-26,2026-08-01,Send updated proposal to procurement,2026-08-14,omitted,4,DataSuite,2026-07-13,0
OPP-0125,Harborfreight Inc,Harborfreight Inc FlowOps expansion,Sage Jasperson,qualify,77446.05,USD,2026-04-30,2026-05-22,2026-08-08,Present pricing options to procurement,2026-08-23,best_case,8,FlowOps,2026-07-15,0
OPP-0126,Northerndynamics Inc,Northerndynamics Inc FlowOps new logo,Riley Ristori,closed_won,36044.17,USD,2026-04-04,2026-07-03,2026-06-29,,,omitted,1,FlowOps,2026-06-14,0
OPP-0127,Quartzanalytics Corp,Quartzanalytics Corp InsightHub upgrade,Riley Hollowell,prospect,17112.92,USD,2026-04-01,2026-09-22,2026-06-30,Touch base after their board meeting,2026-08-25,pipeline,3,InsightHub,2026-07-18,0
OPP-0128,Zenithnetworks Co,Zenithnetworks Co InsightHub pilot,Riley Southgate,prospect,84005.12,USD,2026-05-30,2026-10-22,2026-07-26,Confirm security questionnaire with the platform team,2026-08-11,omitted,5,InsightHub,2026-07-16,1
OPP-0129,Granitefreight Group,Granitefreight Group InsightHub renewal,Wren Yardley,develop,973565.43,USD,2026-04-01,2026-09-30,2026-07-21,Send updated proposal to IT steering group,2026-08-21,pipeline,3,InsightHub,2026-07-01,1
OPP-0130,Solarnetworks LLC,Solarnetworks LLC InsightHub new logo,Reese Northcote,closed_lost,150908.05,USD,2026-05-11,2026-08-03,2026-07-28,Present pricing options to IT steering group,2026-08-06,pipeline,6,InsightHub,2026-07-14,2
OPP-0131,Ironlabs LLC,Ironlabs LLC CorePlatform expansion,Greer Ristori,propose,50656.20,USD,2026-07-01,2026-09-15,2026-07-02,Negotiate payment terms with procurement,2026-08-25,omitted,7,CorePlatform,2026-07-17,0
OPP-0132,Atlasaerospace Inc,Atlasaerospace Inc EdgeConnect pilot,Sage Vantrease,prospect,125555.35,USD,2026-06-22,2026-12-30,2026-08-02,Waiting on customer response timeline,2026-08-21,pipeline,8,EdgeConnect,2026-07-16,0
OPP-0133,Pacificenergy Corp,Pacificenergy Corp DataSuite renewal,Kendall Lindqvist,develop,85603.05,USD,2026-05-02,2026-09-26,2026-06-14,,,pipeline,8,DataSuite,2026-05-12,0
OPP-0134,Ironmedical Inc,Ironmedical Inc SecureStack new logo,Darby Bramwell,develop,34795.00,USD,2026-05-15,2026-06-01,2026-08-02,Send updated proposal to the CFO office,2026-08-18,omitted,5,SecureStack,2026-07-18,0
OPP-0135,Harboranalytics Inc,Harboranalytics Inc SecureStack expansion,Finley Underhill,prospect,134045.58,USD,2026-03-23,2027-07-23,2026-07-02,Propose rollout plan to the CFO office,2026-08-28,pipeline,4,SecureStack,2026-07-17,0
OPP-0136,Solarfreight Group,Solarfreight Group SecureStack expansion,Jordan Vantrease,propose,852477.15,USD,2026-06-20,2026-09-10,2026-08-03,Confirm security questionnaire with procurement,2026-08-12,commit,2,SecureStack,2026-07-20,1
OPP-0137,Atlasrobotics Inc,Atlasrobotics Inc DataSuite renewal,Logan Ivesdale,develop,103229.69,USD,2026-03-26,2026-09-14,2026-08-01,Deliver ROI analysis to IT steering group,2026-07-05,commit,2,DataSuite,2026-07-12,0
OPP-0138,Cedarsystems LLC,Cedarsystems LLC EdgeConnect renewal,Sage Oakhurst,prospect,31132.66,USD,2026-06-11,2027-03-30,2026-07-22,Schedule technical deep-dive with the CFO office,2026-08-20,omitted,4,EdgeConnect,2026-07-13,4
OPP-0139,Cascadelogistics Inc,Cascadelogistics Inc CorePlatform renewal,Morgan Calloway,qualify,155939.35,USD,2026-04-16,2026-12-31,2026-05-22,,,best_case,4,CorePlatform,2026-07-12,1
OPP-0140,Pioneerlogistics Inc,Pioneerlogistics Inc SecureStack expansion,Corin Farrow,develop,12005.23,USD,2026-07-01,2026-07-13,2026-08-10,Propose rollout plan to the CFO office,2026-08-13,omitted,8,SecureStack,2026-07-18,5
OPP-0141,Cedarrobotics Group,Cedarrobotics Group SecureStack upgrade,Harper Ivesdale,closed_won,126945.89,USD,2026-06-05,2026-07-27,2026-07-22,waiting,2026-07-29,pipeline,7,SecureStack,2026-07-17,1
OPP-0142,Crimsonfinancial Co,Crimsonfinancial Co EdgeConnect upgrade,Logan Denholm,prospect,111697.56,USD,2026-04-18,2027-09-02,2026-07-01,Deliver ROI analysis to the exec sponsor,2026-08-28,pipeline,7,EdgeConnect,2026-07-12,0
OPP-0143,Ironrobotics Co,Ironrobotics Co SecureStack new logo,Blair Denholm,develop,30599.79,USD,2026-07-01,2026-09-23,2026-08-05,Review contract redlines with IT steering group,2026-08-28,omitted,5,SecureStack,2026-07-17,0
OPP-0144,Pacificmaterials Group,Pacificmaterials Group DataSuite upgrade,Zion Northcote,prospect,25238.22,USD,2026-04-24,2026-06-03,2026-07-04,Present pricing options to legal counsel,2026-08-17,omitted,7,DataSuite,2026-07-20,0
OPP-0145,Pacificdynamics Group,Pacificdynamics Group InsightHub renewal,Tatum Ivesdale,closed_won,278720.50,USD,2026-02-14,2026-05-03,2026-05-02,,,omitted,2,InsightHub,2026-04-27,1
OPP-0146,Crimsonindustries Group,Crimsonindustries Group FlowOps upgrade,Frankie Denholm,closed_won,46896.39,USD,2026-01-29,2026-07-01,2026-07-01,,,omitted,3,FlowOps,2026-05-24,0
OPP-0147,Bluefinancial Corp,Bluefinancial Corp InsightHub expansion,Tatum Underhill,qualify,213784.08,USD,2026-05-19,2026-09-13,2026-08-03,Confirm contract start date with legal,2026-08-15,pipeline,4,InsightHub,2026-07-11,0
OPP-0148,Pioneersoftware Inc,Pioneersoftware Inc EdgeConnect renewal,Skyler Grantley,propose,58172.92,USD,2026-06-19,2027-03-31,2026-07-09,Schedule technical deep-dive with the platform team,2026-08-31,omitted,2,EdgeConnect,2026-07-15,0
OPP-0149,Harbormanufacturing Corp,Harbormanufacturing Corp CorePlatform expansion,Harper Grantley,qualify,24047.43,USD,2026-03-20,2027-03-28,2026-07-30,Propose rollout plan to legal counsel,2026-08-31,omitted,3,CorePlatform,2026-07-12,1
OPP-0150,Novafoods LLC,Novafoods LLC DataSuite upgrade,Avery Calloway,commit,77828.11,USD,2026-04-16,2027-03-12,2026-08-03,Present pricing options to legal counsel,2026-08-24,pipeline,6,DataSuite,2026-07-20,0
OPP-0151,Cedarretail LLC,Cedarretail LLC CorePlatform expansion,Sage Bramwell,develop,52811.85,USD,2026-07-01,2026-09-26,2026-07-26,Send updated proposal to the exec sponsor,2026-08-13,pipeline,2,CorePlatform,2026-07-16,2
OPP-0152,Atlassoftware Corp,Atlassoftware Corp EdgeConnect renewal,Hollis Southgate,commit,38720.21,USD,2026-07-01,2026-09-27,2026-08-09,Negotiate payment terms with IT steering group,2026-08-16,best_case,8,EdgeConnect,2026-07-20,0
OPP-0153,Pacificfinancial LLC,Pacificfinancial LLC SecureStack new logo,Zion Calloway,prospect,198492.69,USD,2026-01-06,2026-06-25,2026-04-28,Negotiate payment terms with legal counsel,2026-06-28,omitted,7,SecureStack,2026-06-12,1
OPP-0154,Solarfinancial Co,Solarfinancial Co DataSuite expansion,Greer Westerley,closed_lost,106851.24,USD,2026-02-04,2026-07-15,2026-07-11,,,omitted,2,DataSuite,2026-06-04,0
OPP-0155,Solarsoftware Inc,Solarsoftware Inc FlowOps pilot,Parker Thistlewood,qualify,113383.25,USD,2026-07-01,2026-12-23,2026-07-31,Negotiate payment terms with legal counsel,2026-08-21,omitted,8,FlowOps,2026-07-19,0
OPP-0156,Atlasmedical Corp,Atlasmedical Corp InsightHub pilot,Vesper Calloway,prospect,48560.15,USD,2026-04-01,2026-12-17,2026-07-05,Confirm security questionnaire with legal counsel,2026-08-22,omitted,6,InsightHub,2026-05-26,0
OPP-0157,Zenithlabs Group,Zenithlabs Group SecureStack expansion,Ellis Lindqvist,qualify,244854.82,USD,2026-04-01,2026-09-19,2026-07-19,Waiting on customer legal team feedback,2026-08-22,pipeline,5,SecureStack,2026-07-17,0
OPP-0158,Crimsonsystems Co,Crimsonsystems Co DataSuite expansion,Kendall Grantley,qualify,146564.74,USD,2026-07-01,2026-09-28,2026-08-04,Negotiate payment terms with the platform team,2026-08-26,omitted,4,DataSuite,2026-07-13,0
OPP-0159,Crimsonretail Co,Crimsonretail Co SecureStack renewal,Casey Grantley,prospect,78235.88,USD,2026-05-29,2027-01-08,2026-07-09,Send updated proposal to the CFO office,,commit,4,SecureStack,2026-07-14,2
OPP-0160,Harbornetworks Group,Harbornetworks Group FlowOps upgrade,Avery Ristori,develop,12681.70,USD,2026-07-01,2027-01-04,2026-08-10,Review contract redlines with the CFO office,,commit,4,FlowOps,2026-07-08,1
OPP-0161,Northernholdings LLC,Northernholdings LLC SecureStack new logo,Rowan Hollowell,commit,,USD,2026-06-03,2027-03-26,2026-08-07,Confirm security questionnaire with the exec sponsor,2026-08-23,omitted,5,SecureStack,2026-07-20,0
OPP-0162,Atlasholdings Group,Atlasholdings Group DataSuite renewal,Quinn Ristori,prospect,101653.55,USD,2026-04-27,2026-06-09,2026-07-23,Schedule technical deep-dive with IT steering group,2026-08-19,best_case,6,DataSuite,2026-07-16,5
OPP-0163,Granitefinancial LLC,Granitefinancial LLC EdgeConnect renewal,Marlow Bramwell,prospect,57174.68,USD,2026-05-07,2026-09-30,2026-07-23,Negotiate payment terms with the platform team,2026-08-12,commit,7,EdgeConnect,2026-07-16,1
OPP-0164,Vertexfoods Inc,Vertexfoods Inc DataSuite new logo,Quinn Oakhurst,develop,378041.34,USD,2026-03-03,2026-12-22,2026-06-10,Confirm security questionnaire with the platform team,2026-08-28,omitted,4,DataSuite,2026-07-17,0
OPP-0165,Silveraerospace Group,Silveraerospace Group SecureStack expansion,Tatum Lindqvist,qualify,84065.64,USD,2026-02-28,2026-06-29,2026-07-14,Schedule technical deep-dive with the exec sponsor,2026-08-17,best_case,6,SecureStack,2026-07-19,1
OPP-0166,Goldenmedical Corp,Goldenmedical Corp SecureStack upgrade,Hollis Underhill,commit,112213.05,USD,2026-04-05,2026-09-23,2026-08-08,Schedule technical deep-dive with the CFO office,2026-08-30,best_case,5,SecureStack,2026-07-20,0
OPP-0167,Solarnetworks Inc,Solarnetworks Inc FlowOps expansion,Riley Grantley,closed_won,49144.89,USD,2026-01-27,2026-06-02,2026-06-02,,,omitted,6,FlowOps,2026-05-08,1
OPP-0168,Silverdynamics LLC,Silverdynamics LLC DataSuite renewal,Darby Ashford,develop,31285.41,USD,2026-05-12,2026-09-29,2026-07-28,Propose rollout plan to IT steering group,2026-08-17,omitted,2,DataSuite,2026-06-29,0
OPP-0169,Silverlogistics Co,Silverlogistics Co EdgeConnect upgrade,Noor Underhill,develop,279755.82,USD,2026-04-04,2026-09-27,2026-07-22,Send updated proposal to procurement,2026-08-14,pipeline,7,EdgeConnect,2026-07-19,0
OPP-0170,Novaretail LLC,Novaretail LLC InsightHub renewal,Blair Oakhurst,develop,46034.53,USD,2026-03-10,2026-12-30,2026-06-02,,,pipeline,2,InsightHub,2026-07-17,0
OPP-0171,Graniteretail LLC,Graniteretail LLC CorePlatform pilot,Vesper Westerley,closed_lost,30059.61,USD,2026-04-01,2026-08-10,2026-08-03,Send updated proposal to the platform team,2026-08-13,commit,3,CorePlatform,2026-06-18,1
OPP-0172,Zenithholdings Corp,Zenithholdings Corp CorePlatform expansion,Darby Kirkwood,closed_lost,77743.22,USD,2026-03-27,2026-06-17,2026-06-12,,,omitted,6,CorePlatform,2026-05-29,1
OPP-0173,Northernholdings Corp,Northernholdings Corp FlowOps upgrade,Hollis Marchetti,propose,36074.04,USD,2026-05-19,2026-09-28,2026-07-27,Present pricing options to procurement,2026-08-23,omitted,4,FlowOps,2026-07-19,0
OPP-0174,Pacificlogistics Corp,Pacificlogistics Corp SecureStack expansion,Zion Ristori,propose,66139.95,USD,2026-05-22,2026-09-26,2026-08-08,Send updated proposal to the platform team,2026-08-15,best_case,6,SecureStack,2026-07-11,1
OPP-0175,Granitefinancial LLC,Granitefinancial LLC FlowOps new logo,Zion Vantrease,closed_lost,160184.34,USD,2026-02-27,2026-07-18,2026-07-13,,,omitted,5,FlowOps,2026-06-10,0
OPP-0176,Pacificfoods LLC,Pacificfoods LLC EdgeConnect new logo,Quinn Lindqvist,develop,69441.25,USD,2026-04-22,2026-12-27,2026-08-10,Budget approval still with finance team,2026-08-16,pipeline,3,EdgeConnect,2026-06-30,0
OPP-0177,Harborindustries Corp,Harborindustries Corp SecureStack pilot,Skyler Ivesdale,closed_won,89617.90,USD,2025-12-10,2026-04-28,2026-04-25,,,omitted,4,SecureStack,2026-03-29,1
OPP-0178,Harborsoftware Group,Harborsoftware Group InsightHub pilot,Reese Denholm,develop,58221.78,USD,2026-07-01,2026-09-22,2026-07-25,Propose rollout plan to IT steering group,2026-08-22,omitted,6,InsightHub,2026-07-03,0
OPP-0179,Goldenlogistics Group,Goldenlogistics Group InsightHub renewal,Sage Eastvale,qualify,137011.71,USD,2026-06-15,2026-09-28,2026-07-24,waiting,2026-08-26,omitted,7,InsightHub,2026-07-12,0
OPP-0180,Cascaderetail Inc,Cascaderetail Inc InsightHub expansion,Corin Kirkwood,qualify,31698.10,USD,2026-04-01,2026-09-23,2026-07-12,Propose rollout plan to the platform team,2026-07-01,omitted,7,InsightHub,2026-07-11,0
OPP-0181,Pioneerlabs Corp,Pioneerlabs Corp DataSuite renewal,Rowan Westerley,develop,9995.57,USD,2026-02-03,2027-03-28,2026-08-10,Schedule implementation kickoff with IT,2026-08-21,pipeline,6,DataSuite,2026-05-16,1
OPP-0182,Vertexaerospace Co,Vertexaerospace Co FlowOps new logo,Blair Hollowell,propose,17872.89,USD,2026-06-05,2026-09-24,2026-08-07,Touch base after their board meeting,2026-08-31,commit,8,FlowOps,2026-07-17,0
OPP-0183,Ironnetworks Group,Ironnetworks Group DataSuite new logo,Wren Ivesdale,develop,227435.41,USD,2026-04-01,2026-09-24,2026-07-28,Schedule technical deep-dive with procurement,2026-08-23,omitted,7,DataSuite,2026-05-10,0
OPP-0184,Zenithsystems Corp,Zenithsystems Corp SecureStack upgrade,Harper Bramwell,prospect,61635.33,USD,2026-03-03,2026-09-22,2026-07-02,Negotiate payment terms with the CFO office,2026-08-27,omitted,6,SecureStack,2026-07-12,0
OPP-0185,Quartznetworks Group,Quartznetworks Group SecureStack renewal,Sage Jasperson,qualify,42762.51,USD,2026-03-21,2026-07-05,2026-07-15,Deliver ROI analysis to legal counsel,2026-08-28,omitted,4,SecureStack,2026-07-17,1
OPP-0186,Pioneermedia Inc,Pioneermedia Inc FlowOps pilot,Riley Ristori,commit,55301.75,USD,2026-07-01,2026-09-26,2026-08-08,Propose rollout plan to the platform team,2026-08-15,pipeline,2,FlowOps,2026-07-20,0
OPP-0187,Crimsonrobotics LLC,Crimsonrobotics LLC FlowOps new logo,Riley Hollowell,propose,158617.75,USD,2026-06-17,2026-09-29,2026-08-02,Negotiate payment terms with legal counsel,2026-08-28,best_case,7,FlowOps,2026-07-19,0
OPP-0188,Novamedical Group,Novamedical Group InsightHub new logo,Riley Southgate,commit,52600.35,USD,2026-03-21,2026-12-12,2026-08-09,Review contract redlines with procurement,2026-08-21,pipeline,6,InsightHub,2026-07-20,0
OPP-0189,Pacificsystems Group,Pacificsystems Group FlowOps renewal,Wren Yardley,closed_won,112562.52,USD,2026-02-23,2026-06-02,2026-05-29,,,omitted,1,FlowOps,2026-04-26,0
OPP-0190,Cascadedynamics Corp,Cascadedynamics Corp FlowOps new logo,Reese Northcote,develop,183639.89,USD,2026-02-24,2026-12-21,2026-08-07,Negotiate payment terms with the platform team,2026-08-13,omitted,7,FlowOps,2026-05-29,1
OPP-0191,Graniterobotics Group,Graniterobotics Group SecureStack upgrade,Greer Ristori,closed_won,36368.20,USD,2026-05-04,2026-06-27,2026-06-25,,,omitted,3,SecureStack,2026-05-18,0
OPP-0192,Northernmedical Corp,Northernmedical Corp FlowOps expansion,Sage Vantrease,prospect,53230.78,USD,2026-04-01,2026-12-25,2026-07-19,Confirm security questionnaire with legal counsel,2026-08-13,omitted,7,FlowOps,2026-07-12,0
OPP-0193,Lunaranalytics Inc,Lunaranalytics Inc CorePlatform expansion,Kendall Lindqvist,prospect,70352.24,USD,2026-01-30,2026-06-29,2026-05-16,Deliver ROI analysis to procurement,,best_case,6,CorePlatform,2026-05-29,0
OPP-0194,Cedarholdings LLC,Cedarholdings LLC CorePlatform renewal,Darby Bramwell,develop,86853.59,USD,2026-06-07,2027-01-25,2026-07-28,Present pricing options to the CFO office,2026-08-18,commit,7,CorePlatform,2026-06-30,2
OPP-0195,Harborlogistics Group,Harborlogistics Group InsightHub expansion,Finley Underhill,prospect,177847.97,USD,2026-07-01,2027-06-18,2026-07-25,Check in on budget status internally,2026-08-22,omitted,2,InsightHub,2026-07-19,0
OPP-0196,Crimsonanalytics Group,Crimsonanalytics Group SecureStack upgrade,Jordan Vantrease,develop,185343.45,USD,2026-07-01,2026-09-26,2026-07-28,Review contract redlines with the CFO office,2026-08-31,pipeline,6,SecureStack,2026-07-15,0
OPP-0197,Solardynamics Co,Solardynamics Co InsightHub upgrade,Logan Ivesdale,commit,32383.43,USD,2026-05-16,2026-05-25,2026-08-06,Schedule technical deep-dive with the platform team,2026-08-13,commit,2,InsightHub,2026-07-20,2
OPP-0198,Harbormedia LLC,Harbormedia LLC InsightHub renewal,Sage Oakhurst,prospect,46058.69,USD,2026-06-26,2026-09-29,2026-08-02,Negotiate payment terms with IT steering group,2026-08-27,pipeline,3,InsightHub,2026-07-13,0
OPP-0199,Crimsonmedical Corp,Crimsonmedical Corp SecureStack expansion,Morgan Calloway,closed_won,275648.12,USD,2026-06-28,2026-07-27,2026-07-08,Review contract redlines with legal counsel,,omitted,4,SecureStack,2026-07-20,1
OPP-0200,Atlasholdings Co,Atlasholdings Co InsightHub pilot,Corin Farrow,closed_lost,12953.03,USD,2026-03-04,2026-07-06,2026-07-01,,,omitted,3,InsightHub,2026-05-29,0
OPP-0201,Atlasnetworks LLC,Atlasnetworks LLC DataSuite renewal,Harper Ivesdale,commit,152469.90,USD,2026-06-21,2027-06-25,2026-08-03,Propose rollout plan to the CFO office,2026-08-18,omitted,8,DataSuite,2026-07-20,1
OPP-0202,Granitefinancial LLC,Granitefinancial LLC DataSuite pilot,Logan Denholm,prospect,20746.27,USD,2026-07-01,2026-09-25,2026-07-28,Waiting on customer response timeline,2026-08-18,omitted,7,DataSuite,2026-07-11,1
OPP-0203,Solarmedical Co,Solarmedical Co InsightHub expansion,Blair Denholm,closed_won,54802.38,USD,2026-05-24,2026-07-12,2026-07-11,,,omitted,4,InsightHub,2026-06-21,1
OPP-0204,Quartzaerospace Co,Quartzaerospace Co FlowOps upgrade,Zion Northcote,develop,13063.59,USD,2026-04-01,2026-09-25,2026-07-22,Negotiate payment terms with the exec sponsor,2026-08-15,pipeline,4,FlowOps,2026-05-17,1
OPP-0205,Solarfreight Group,Solarfreight Group CorePlatform pilot,Tatum Ivesdale,prospect,583791.37,USD,2026-01-30,2026-06-13,2026-05-30,Confirm contract start date with legal,2026-08-17,best_case,8,CorePlatform,2026-06-04,0
OPP-0206,Lunarfreight Group,Lunarfreight Group DataSuite expansion,Frankie Denholm,develop,65957.40,USD,2026-03-26,2026-05-31,2026-07-28,Review contract redlines with procurement,2026-08-20,best_case,8,DataSuite,2026-07-16,0
OPP-0207,Silvernetworks Corp,Silvernetworks Corp InsightHub pilot,Tatum Underhill,develop,290485.20,USD,2026-01-23,2026-09-30,2026-07-21,Negotiate payment terms with legal counsel,2026-08-22,best_case,4,InsightHub,2026-05-17,1
OPP-0208,Pioneermaterials Co,Pioneermaterials Co FlowOps expansion,Skyler Grantley,develop,26200.81,USD,2026-04-28,2026-12-29,2026-07-20,Present pricing options to procurement,2026-08-17,best_case,4,FlowOps,2026-07-17,0
OPP-0209,Zenithmedia Inc,Zenithmedia Inc DataSuite upgrade,Harper Grantley,prospect,99284.59,USD,2026-03-22,2026-07-01,2026-07-18,Negotiate payment terms with the exec sponsor,2026-08-30,best_case,2,DataSuite,2026-07-19,0
OPP-0210,Summitholdings Corp,Summitholdings Corp EdgeConnect upgrade,Avery Calloway,develop,264122.63,USD,2026-05-11,2026-12-28,2026-07-22,Review contract redlines with the platform team,2026-08-11,omitted,2,EdgeConnect,2026-07-15,0
OPP-0211,Goldenaerospace Inc,Goldenaerospace Inc InsightHub expansion,Sage Bramwell,prospect,49884.30,USD,2026-05-04,2027-03-29,2026-07-27,Negotiate payment terms with legal counsel,2026-08-11,pipeline,6,InsightHub,2026-07-11,0
OPP-0212,Blueretail Inc,Blueretail Inc EdgeConnect expansion,Hollis Southgate,prospect,41006.86,USD,2026-05-21,2026-12-27,2026-07-17,Deliver ROI analysis to the exec sponsor,2026-08-25,omitted,6,EdgeConnect,2026-07-11,1
OPP-0213,Pacificfoods Group,Pacificfoods Group DataSuite pilot,Zion Calloway,qualify,586312.19,USD,2026-04-08,2027-03-28,2026-06-03,Deliver ROI analysis to procurement,2026-08-28,omitted,5,DataSuite,2026-07-17,0
OPP-0214,Novalogistics Inc,Novalogistics Inc FlowOps upgrade,Greer Westerley,develop,372978.24,USD,2026-07-01,2026-12-30,2026-08-02,Review contract redlines with legal counsel,2026-08-22,pipeline,1,FlowOps,2026-07-14,0
OPP-0215,Cascadesystems Co,Cascadesystems Co SecureStack upgrade,Parker Thistlewood,develop,13880.48,USD,2026-03-21,2026-09-19,2026-07-26,Confirm security questionnaire with the exec sponsor,2026-08-18,omitted,6,SecureStack,2026-05-30,0
OPP-0216,Vertexmaterials Group,Vertexmaterials Group DataSuite new logo,Vesper Calloway,qualify,137752.83,USD,2026-06-12,2026-09-25,2026-07-20,Deliver ROI analysis to IT steering group,2026-08-30,omitted,6,DataSuite,2026-07-17,0
OPP-0217,Atlasrobotics Co,Atlasrobotics Co SecureStack upgrade,Ellis Lindqvist,qualify,146952.07,USD,2026-07-01,2026-12-29,2026-08-02,Present pricing options to legal counsel,2026-08-18,omitted,7,SecureStack,2026-07-13,1
OPP-0218,Granitesystems Corp,Granitesystems Corp CorePlatform renewal,Kendall Grantley,propose,62680.09,USD,2026-05-22,2026-07-09,2026-07-27,Propose rollout plan to IT steering group,2026-08-19,omitted,5,CorePlatform,2026-07-12,2
OPP-0219,Pioneerholdings Group,Pioneerholdings Group EdgeConnect pilot,Casey Grantley,closed_lost,223085.76,USD,2026-03-08,2026-05-20,2026-05-15,,,omitted,3,EdgeConnect,2026-05-09,0
OPP-0220,Cedarlabs Corp,Cedarlabs Corp FlowOps renewal,Avery Ristori,develop,52039.23,USD,2026-03-22,2027-03-30,2026-07-20,Propose rollout plan to procurement,2026-08-23,commit,3,FlowOps,2026-07-04,0
OPP-0221,Silverholdings Corp,Silverholdings Corp EdgeConnect pilot,Rowan Hollowell,commit,31502.64,USD,2026-04-18,2026-12-31,2026-08-05,Confirm security questionnaire with the platform team,2026-08-19,best_case,5,EdgeConnect,2026-07-20,0
OPP-0222,Pacificmaterials Inc,Pacificmaterials Inc CorePlatform upgrade,Quinn Ristori,prospect,65261.03,USD,2026-06-20,2027-01-01,2026-07-28,,,commit,3,CorePlatform,2026-07-18,1
OPP-0223,Pioneerretail Corp,Pioneerretail Corp InsightHub new logo,Marlow Bramwell,prospect,46858.31,USD,2026-04-01,2026-09-29,2026-07-13,Waiting on customer response timeline,2026-08-12,best_case,5,InsightHub,2026-07-18,0
OPP-0224,Atlasanalytics Group,Atlasanalytics Group CorePlatform expansion,Quinn Oakhurst,commit,168009.73,USD,2026-06-12,2026-12-26,2026-08-06,Schedule technical deep-dive with the exec sponsor,2026-08-20,pipeline,5,CorePlatform,2026-07-20,1
OPP-0225,Lunarenergy LLC,Lunarenergy LLC SecureStack pilot,Tatum Lindqvist,prospect,23137.11,USD,2026-01-29,2027-03-17,2026-05-16,Confirm security questionnaire with legal counsel,2026-08-18,omitted,7,SecureStack,2026-07-20,1
OPP-0226,Lunarholdings Corp,Lunarholdings Corp DataSuite expansion,Hollis Underhill,develop,251008.74,USD,2026-04-04,2026-09-30,2026-07-25,Confirm security questionnaire with IT steering group,2026-08-31,commit,5,DataSuite,2026-06-26,0
OPP-0227,Cascadesoftware Inc,Cascadesoftware Inc DataSuite expansion,Riley Grantley,develop,48739.05,USD,2026-07-01,2027-07-13,2026-07-31,Send updated proposal to the CFO office,2026-08-14,omitted,6,DataSuite,2026-07-20,0
OPP-0228,Pacificmanufacturing LLC,Pacificmanufacturing LLC EdgeConnect upgrade,Darby Ashford,qualify,12986.61,USD,2026-06-17,2027-07-10,2026-07-31,Send updated proposal to IT steering group,2026-08-23,omitted,4,EdgeConnect,2026-07-19,0
OPP-0229,Vertexsystems Co,Vertexsystems Co InsightHub expansion,Noor Underhill,propose,32663.77,USD,2026-06-12,2026-09-10,2026-08-03,Propose rollout plan to the exec sponsor,2026-08-20,commit,5,InsightHub,2026-07-19,0
OPP-0230,Pacificmedia LLC,Pacificmedia LLC EdgeConnect expansion,Blair Oakhurst,prospect,95166.14,USD,2026-03-23,2026-09-30,2026-04-28,Send updated proposal to procurement,2026-08-29,omitted,7,EdgeConnect,2026-07-19,0
OPP-0231,Silverenergy LLC,Silverenergy LLC EdgeConnect expansion,Vesper Westerley,develop,55916.34,USD,2026-07-01,2026-12-25,2026-08-06,Deliver ROI analysis to the exec sponsor,2026-08-17,pipeline,4,EdgeConnect,2026-07-05,0
OPP-0232,Zenithholdings Co,Zenithholdings Co EdgeConnect upgrade,Darby Kirkwood,qualify,53746.75,USD,2026-03-21,2027-07-20,2026-07-31,Present pricing options to procurement,2026-08-27,omitted,3,EdgeConnect,2026-07-13,0
OPP-0233,Bluemedia Group,Bluemedia Group InsightHub renewal,Hollis Marchetti,closed_lost,113241.18,USD,2026-01-18,2026-06-01,2026-05-27,,,omitted,5,InsightHub,2026-05-16,1
OPP-0234,Ironfinancial Corp,Ironfinancial Corp FlowOps upgrade,Zion Ristori,propose,75951.32,USD,2026-07-01,2026-12-31,2026-08-10,ping them,2026-08-26,pipeline,5,FlowOps,2026-07-18,0
OPP-0235,Ironmedia Group,Ironmedia Group InsightHub expansion,Zion Vantrease,qualify,92459.41,USD,2026-03-27,2026-09-18,2026-07-12,Schedule implementation kickoff with IT,2026-08-22,pipeline,2,InsightHub,2026-07-19,1
OPP-0236,Novafinancial Group,Novafinancial Group FlowOps upgrade,Quinn Lindqvist,prospect,19732.00,USD,2026-03-18,2026-12-28,2026-07-29,Present pricing options to legal counsel,2026-08-28,pipeline,2,FlowOps,2026-06-03,0
OPP-0237,Pioneermedia LLC,Pioneermedia LLC InsightHub pilot,Skyler Ivesdale,prospect,359291.34,USD,2026-03-28,2026-09-30,2026-05-13,Negotiate payment terms with the platform team,2026-07-06,omitted,6,InsightHub,2026-05-22,1
OPP-0238,Atlasmaterials Co,Atlasmaterials Co InsightHub pilot,Reese Denholm,commit,130678.07,USD,2026-04-18,2026-09-29,2026-08-08,Review contract redlines with the CFO office,2026-08-21,pipeline,7,InsightHub,2026-05-31,0
OPP-0239,Pacificmanufacturing Corp,Pacificmanufacturing Corp FlowOps pilot,Sage Eastvale,prospect,117017.09,USD,2026-04-15,2027-03-30,2026-07-22,Review contract redlines with the platform team,2026-08-13,pipeline,4,FlowOps,2026-07-19,0
OPP-0240,Zenithaerospace Inc,Zenithaerospace Inc EdgeConnect pilot,Corin Kirkwood,develop,21016.46,USD,2026-06-03,2026-09-20,2026-07-28,Send updated proposal to the platform team,2026-08-31,pipeline,8,EdgeConnect,2026-07-17,1
OPP-0241,Summitretail Co,Summitretail Co FlowOps expansion,Rowan Westerley,develop,11202.91,USD,2026-04-20,2027-03-25,2026-06-14,,,pipeline,5,FlowOps,2026-07-07,0
OPP-0242,Goldenfoods Co,Goldenfoods Co CorePlatform expansion,Blair Hollowell,qualify,30934.36,USD,2026-07-01,2026-09-26,2026-07-29,Review contract redlines with the CFO office,2026-08-13,omitted,8,CorePlatform,2026-07-11,1
OPP-0243,Harbornetworks Group,Harbornetworks Group DataSuite expansion,Wren Ivesdale,qualify,23622.13,USD,2026-03-30,2027-08-18,2026-08-05,Propose rollout plan to legal counsel,2026-08-15,omitted,2,DataSuite,2026-07-15,0
OPP-0244,Solarsystems Group,Solarsystems Group DataSuite expansion,Harper Bramwell,closed_won,52149.10,USD,2026-04-24,2026-08-10,2026-08-07,Present pricing options to the platform team,2026-08-11,pipeline,5,DataSuite,2026-07-20,1
OPP-0245,Novafoods Corp,Novafoods Corp InsightHub pilot,Sage Jasperson,develop,15278.97,USD,2026-02-06,2026-12-19,2026-08-07,Negotiate payment terms with the CFO office,2026-08-23,best_case,4,InsightHub,2026-06-04,0
OPP-0246,Solarholdings Inc,Solarholdings Inc FlowOps new logo,Riley Ristori,commit,51712.81,USD,2026-06-04,2026-09-27,2026-06-11,Deliver ROI analysis to IT steering group,2026-06-29,pipeline,2,FlowOps,2026-07-20,0
OPP-0247,Harborfreight LLC,Harborfreight LLC InsightHub renewal,Riley Hollowell,closed_won,,USD,2026-06-20,2026-08-03,2026-07-20,Negotiate payment terms with legal counsel,2026-08-23,commit,6,InsightHub,2026-07-14,1
OPP-0248,Granitemanufacturing Group,Granitemanufacturing Group CorePlatform pilot,Riley Southgate,develop,37410.04,USD,2026-03-13,2026-09-27,2026-08-07,Present pricing options to the exec sponsor,2026-08-15,best_case,7,CorePlatform,2026-07-11,0
OPP-0249,Quartzlogistics LLC,Quartzlogistics LLC DataSuite expansion,Wren Yardley,prospect,254059.95,USD,2026-03-06,2026-12-21,2026-07-15,No movement until their reorg settles,2026-08-19,pipeline,2,DataSuite,2026-07-16,1
OPP-0250,Silverretail Corp,Silverretail Corp DataSuite renewal,Reese Northcote,qualify,165982.39,USD,2026-04-01,2026-09-30,2026-07-19,Propose rollout plan to the platform team,2026-08-31,pipeline,3,DataSuite,2026-07-13,0
OPP-0251,Ironmedia Corp,Ironmedia Corp FlowOps new logo,Greer Ristori,propose,26760.56,USD,2026-05-22,2026-12-31,2026-07-28,Propose rollout plan to the CFO office,2026-08-24,best_case,3,FlowOps,2026-07-11,1
OPP-0252,Ironnetworks Group,Ironnetworks Group SecureStack upgrade,Sage Vantrease,develop,260847.82,USD,2026-03-27,2026-09-27,2026-08-03,Send updated proposal to legal counsel,2026-08-23,omitted,0,SecureStack,2026-07-04,0
OPP-0253,Goldenfoods Corp,Goldenfoods Corp CorePlatform renewal,Kendall Lindqvist,qualify,76978.70,USD,2026-05-03,2026-12-20,2026-05-22,Present pricing options to legal counsel,2026-08-28,pipeline,2,CorePlatform,2026-07-19,1
OPP-0254,Silveraerospace Co,Silveraerospace Co DataSuite upgrade,Darby Bramwell,propose,22000.84,USD,2026-05-05,2026-05-28,2026-07-30,Propose rollout plan to the platform team,2026-08-22,pipeline,7,DataSuite,2026-07-19,0
OPP-0255,Cascadenetworks Inc,Cascadenetworks Inc InsightHub new logo,Finley Underhill,prospect,25399.13,USD,2026-04-22,2026-09-20,2026-06-26,Touch base after their team offsite,2026-08-31,omitted,8,InsightHub,2026-07-20,0
OPP-0256,Pacificrobotics LLC,Pacificrobotics LLC InsightHub upgrade,Jordan Vantrease,closed_won,131431.81,USD,2026-02-19,2026-05-17,2026-05-13,,,omitted,5,InsightHub,2026-05-12,0
OPP-0257,Vertexlabs Co,Vertexlabs Co FlowOps pilot,Logan Ivesdale,qualify,183208.43,USD,2026-06-15,2026-09-26,2026-07-22,Send updated proposal to procurement,2026-08-24,omitted,8,FlowOps,2026-07-16,2
OPP-0258,Goldenaerospace LLC,Goldenaerospace LLC FlowOps renewal,Sage Oakhurst,develop,27399.87,USD,2026-06-11,2026-12-24,2026-07-24,Schedule technical deep-dive with the platform team,2026-08-19,pipeline,5,FlowOps,2026-07-18,2
OPP-0259,Solarretail Corp,Solarretail Corp DataSuite pilot,Morgan Calloway,propose,137034.21,USD,2026-04-19,2027-03-30,2026-08-06,Deliver ROI analysis to the CFO office,2026-08-30,best_case,8,DataSuite,2026-07-12,0
OPP-0260,Quartzlabs Group,Quartzlabs Group CorePlatform new logo,Corin Farrow,prospect,47610.29,USD,2026-04-09,2026-09-26,2026-07-15,Review contract redlines with procurement,2026-08-31,commit,8,CorePlatform,2026-07-20,1
OPP-0261,Ironanalytics Corp,Ironanalytics Corp DataSuite upgrade,Harper Ivesdale,propose,66508.94,USD,2026-07-01,2027-08-12,2026-07-28,No movement until their reorg settles,2026-08-26,commit,5,DataSuite,2026-07-18,0
OPP-0262,Cascadeholdings Inc,Cascadeholdings Inc EdgeConnect upgrade,Logan Denholm,qualify,286374.02,USD,2026-06-25,2027-05-19,2026-07-23,next steps,2026-08-22,omitted,7,EdgeConnect,2026-07-15,0
OPP-0263,Crimsonsoftware Group,Crimsonsoftware Group DataSuite pilot,Blair Denholm,develop,0.00,USD,2026-04-01,2026-12-22,2026-07-31,Negotiate payment terms with procurement,2026-08-26,omitted,3,DataSuite,2026-06-28,0
OPP-0264,Novaaerospace LLC,Novaaerospace LLC DataSuite expansion,Zion Northcote,propose,37449.68,USD,2026-04-25,2027-03-31,2026-07-27,Confirm security questionnaire with IT steering group,2026-08-15,omitted,5,DataSuite,2026-07-13,0
OPP-0265,Quartzfoods LLC,Quartzfoods LLC DataSuite new logo,Tatum Ivesdale,develop,277270.99,USD,2026-04-12,2026-09-20,2026-05-26,Send updated proposal to legal counsel,2026-08-20,best_case,2,DataSuite,2026-06-26,0
OPP-0266,Graniterobotics LLC,Graniterobotics LLC CorePlatform new logo,Frankie Denholm,qualify,53238.17,USD,2026-05-28,2026-09-30,2026-08-04,Confirm security questionnaire with the CFO office,2026-08-20,commit,3,CorePlatform,2026-07-12,0
OPP-0267,Quartzmaterials Inc,Quartzmaterials Inc SecureStack pilot,Tatum Underhill,qualify,56429.89,USD,2026-07-01,2026-09-28,2026-07-28,Touch base after their team offsite,2026-08-22,pipeline,7,SecureStack,2026-07-14,0
OPP-0268,Pioneerfoods Corp,Pioneerfoods Corp SecureStack expansion,Skyler Grantley,commit,37422.34,USD,2026-04-01,2026-12-24,2026-08-07,Confirm security questionnaire with IT steering group,2026-08-23,pipeline,7,SecureStack,2026-06-21,1
OPP-0269,Crimsonmedia Co,Crimsonmedia Co DataSuite pilot,Harper Grantley,closed_won,68093.21,USD,2026-03-24,2026-05-19,2026-05-16,,,omitted,6,DataSuite,2026-05-04,0
OPP-0270,Lunarrobotics LLC,Lunarrobotics LLC FlowOps expansion,Avery Calloway,qualify,107652.33,USD,2026-04-21,2026-09-27,2026-07-31,Negotiate payment terms with the exec sponsor,2026-08-29,omitted,6,FlowOps,2026-07-17,0
OPP-0271,Silverfoods Corp,Silverfoods Corp FlowOps expansion,Sage Bramwell,prospect,49319.03,USD,2026-07-01,2026-09-28,2026-07-22,Schedule technical deep-dive with the platform team,2026-08-30,omitted,6,FlowOps,2026-07-14,2
OPP-0272,Pioneerlabs Co,Pioneerlabs Co FlowOps new logo,Hollis Southgate,propose,151882.77,USD,2026-03-24,2026-12-26,2026-08-02,Propose rollout plan to the CFO office,2026-08-17,omitted,2,FlowOps,2026-06-10,1
OPP-0273,Crimsonlogistics Group,Crimsonlogistics Group CorePlatform renewal,Zion Calloway,propose,197251.71,USD,2026-07-04,2026-09-30,2026-08-10,,,omitted,6,CorePlatform,2026-07-15,0
OPP-0274,Cascadeanalytics Inc,Cascadeanalytics Inc CorePlatform expansion,Greer Westerley,develop,61584.10,USD,2026-03-24,2026-09-25,2026-08-06,Deliver ROI analysis to the exec sponsor,2026-08-15,pipeline,5,CorePlatform,2026-07-14,1
OPP-0275,Harbormanufacturing Corp,Harbormanufacturing Corp InsightHub expansion,Parker Thistlewood,develop,,USD,2026-04-29,2026-09-22,2026-07-22,Negotiate payment terms with legal counsel,2026-08-25,pipeline,2,InsightHub,2026-07-07,1
OPP-0276,Summitanalytics Co,Summitanalytics Co EdgeConnect upgrade,Vesper Calloway,qualify,0.00,USD,2026-05-20,2027-03-27,2026-08-09,Schedule technical deep-dive with legal counsel,2026-08-26,omitted,5,EdgeConnect,2026-07-11,0
OPP-0277,Pacificfinancial Group,Pacificfinancial Group SecureStack new logo,Ellis Lindqvist,develop,57142.50,USD,2026-04-19,2027-03-31,2026-07-22,Send updated proposal to the exec sponsor,2026-08-25,best_case,7,SecureStack,2026-07-19,0
OPP-0278,Cedardynamics Group,Cedardynamics Group SecureStack expansion,Kendall Grantley,prospect,120217.22,USD,2026-04-26,2026-07-01,2026-08-07,Send updated proposal to the platform team,2026-08-20,omitted,6,SecureStack,2026-07-13,5
OPP-0279,Vertexholdings LLC,Vertexholdings LLC SecureStack renewal,Casey Grantley,propose,60736.05,USD,2026-04-03,2027-03-31,2026-08-01,Present pricing options to the platform team,2026-08-25,best_case,4,SecureStack,2026-07-18,0
OPP-0280,Atlaslogistics Inc,Atlaslogistics Inc DataSuite upgrade,Avery Ristori,qualify,18797.16,USD,2026-06-03,2026-06-23,2026-07-20,Review contract redlines with legal counsel,2026-08-22,pipeline,8,DataSuite,2026-07-13,0
OPP-0281,Solarsystems Inc,Solarsystems Inc InsightHub new logo,Rowan Hollowell,propose,76760.20,USD,2026-07-06,2026-12-29,2026-08-08,Confirm security questionnaire with the exec sponsor,2026-08-23,omitted,5,InsightHub,2026-07-12,0
OPP-0282,Vertexfoods Co,Vertexfoods Co CorePlatform expansion,Quinn Ristori,develop,76656.81,USD,2026-05-22,2027-01-16,2026-07-27,Review contract redlines with legal counsel,2026-08-21,commit,4,CorePlatform,2026-06-26,2
OPP-0283,Novaindustries Co,Novaindustries Co DataSuite upgrade,Marlow Bramwell,prospect,17009.13,USD,2026-07-01,2026-12-30,2026-08-09,Review contract redlines with legal counsel,2026-08-31,pipeline,3,DataSuite,2026-07-11,0
OPP-0284,Summitholdings Inc,Summitholdings Inc SecureStack upgrade,Quinn Oakhurst,develop,211002.52,USD,2026-05-21,2026-06-05,2026-07-21,Negotiate payment terms with the platform team,2026-08-21,pipeline,5,SecureStack,2026-07-06,0
OPP-0285,Northernholdings Inc,Northernholdings Inc CorePlatform expansion,Tatum Lindqvist,commit,24217.40,USD,2026-07-01,2027-03-30,2026-08-08,Negotiate payment terms with the CFO office,2026-08-30,omitted,5,CorePlatform,2026-07-20,1
OPP-0286,Bluesystems Corp,Bluesystems Corp EdgeConnect renewal,Hollis Underhill,closed_lost,181930.34,USD,2026-03-24,2026-05-23,2026-05-23,,,omitted,4,EdgeConnect,2026-04-17,1
OPP-0287,Summitenergy Co,Summitenergy Co EdgeConnect expansion,Riley Grantley,propose,335614.51,USD,2026-05-22,2026-09-15,2026-08-09,Deliver ROI analysis to the platform team,2026-08-20,omitted,0,EdgeConnect,2026-07-11,1
OPP-0288,Quartzanalytics Inc,Quartzanalytics Inc DataSuite expansion,Darby Ashford,qualify,18029.94,USD,2026-04-27,2026-12-30,2026-07-13,Propose rollout plan to procurement,2026-08-31,omitted,5,DataSuite,2026-06-16,1
OPP-0289,Solarsoftware Co,Solarsoftware Co DataSuite pilot,Noor Underhill,develop,39919.10,USD,2026-06-01,2026-09-14,2026-08-10,Send updated proposal to the exec sponsor,2026-08-14,pipeline,4,DataSuite,2026-07-19,1
OPP-0290,Graniteindustries Inc,Graniteindustries Inc CorePlatform upgrade,Blair Oakhurst,propose,144996.18,USD,2026-03-20,2026-09-24,2026-08-10,Confirm security questionnaire with procurement,2026-08-25,omitted,6,CorePlatform,2026-07-18,0
OPP-0291,Summitlogistics Group,Summitlogistics Group DataSuite upgrade,Vesper Westerley,prospect,23414.84,USD,2026-05-26,2027-03-26,2026-08-03,Review contract redlines with procurement,2026-08-29,pipeline,8,DataSuite,2026-07-11,0
OPP-0292,Granitelabs Corp,Granitelabs Corp FlowOps upgrade,Darby Kirkwood,prospect,19216.86,USD,2026-06-25,2027-05-24,2026-07-31,Send updated proposal to procurement,2026-08-16,best_case,3,FlowOps,2026-07-20,1
OPP-0293,Harbornetworks Inc,Harbornetworks Inc InsightHub expansion,Hollis Marchetti,develop,155420.37,USD,2026-04-07,2026-12-31,2026-07-26,Touch base after their team offsite,2026-08-24,omitted,3,InsightHub,2026-07-01,0
OPP-0294,Vertexsystems Inc,Vertexsystems Inc FlowOps new logo,Zion Ristori,commit,,USD,2026-07-01,2026-12-26,2026-08-10,Present pricing options to the platform team,2026-08-26,best_case,5,FlowOps,2026-07-20,0
OPP-0295,Harborsoftware Co,Harborsoftware Co InsightHub new logo,Zion Vantrease,qualify,833592.49,USD,2026-04-01,2027-05-25,2026-07-12,Send updated proposal to the exec sponsor,2026-08-27,omitted,2,InsightHub,2026-07-12,0
OPP-0296,Cedarsoftware LLC,Cedarsoftware LLC SecureStack new logo,Quinn Lindqvist,propose,27881.60,USD,2026-07-01,2026-09-24,2026-08-04,Schedule implementation kickoff with IT,2026-08-24,pipeline,3,SecureStack,2026-07-17,0
OPP-0297,Cedarmanufacturing Co,Cedarmanufacturing Co InsightHub renewal,Skyler Ivesdale,develop,27938.21,USD,2026-04-01,2026-09-30,2026-05-30,Deliver ROI analysis to the CFO office,2026-08-20,best_case,2,InsightHub,2026-07-07,1
OPP-0298,Graniteanalytics Co,Graniteanalytics Co CorePlatform upgrade,Reese Denholm,develop,,USD,2026-05-22,2026-09-27,2026-07-28,Deliver ROI analysis to the exec sponsor,2026-08-29,pipeline,6,CorePlatform,2026-06-27,0
OPP-0299,Harborindustries Inc,Harborindustries Inc SecureStack new logo,Sage Eastvale,develop,159855.17,USD,2026-07-07,2026-12-31,2026-08-03,Negotiate payment terms with the CFO office,2026-08-15,omitted,8,SecureStack,2026-07-18,1
OPP-0300,Pioneeraerospace Inc,Pioneeraerospace Inc EdgeConnect upgrade,Corin Kirkwood,develop,38157.50,USD,2026-01-18,2026-09-23,2026-08-10,Schedule technical deep-dive with the exec sponsor,,omitted,7,EdgeConnect,2026-05-13,0
OPP-0301,Ironenergy Group,Ironenergy Group DataSuite pilot,Rowan Westerley,develop,44978.67,USD,2026-05-16,2026-09-20,2026-05-27,Schedule technical deep-dive with the exec sponsor,2026-08-22,best_case,7,DataSuite,2026-06-29,0
OPP-0302,Atlasaerospace Corp,Atlasaerospace Corp EdgeConnect expansion,Blair Hollowell,propose,20891.45,USD,2026-04-06,2027-05-26,2026-07-30,waiting,2026-08-21,omitted,6,EdgeConnect,2026-07-11,1
OPP-0303,Novaretail Co,Novaretail Co FlowOps pilot,Wren Ivesdale,closed_won,96308.31,USD,2025-12-20,2026-05-18,2026-05-14,,,omitted,3,FlowOps,2026-04-10,0
OPP-0304,Solardynamics Group,Solardynamics Group SecureStack pilot,Harper Bramwell,prospect,0.00,USD,2026-07-01,2026-09-15,2026-07-31,Present pricing options to the exec sponsor,2026-08-15,omitted,3,SecureStack,2026-07-16,0
OPP-0305,Zenithmanufacturing Group,Zenithmanufacturing Group DataSuite upgrade,Sage Jasperson,qualify,41584.29,USD,2026-04-24,2026-09-25,2026-07-26,Propose rollout plan to the exec sponsor,2026-08-20,best_case,6,DataSuite,2026-07-11,0
OPP-0306,Ironfoods Co,Ironfoods Co DataSuite upgrade,Riley Ristori,propose,22245.19,USD,2026-03-23,2026-12-31,2026-06-24,Present pricing options to the CFO office,,pipeline,3,DataSuite,2026-07-18,0
OPP-0307,Northernfoods LLC,Northernfoods LLC CorePlatform pilot,Riley Hollowell,develop,57819.41,USD,2026-07-01,2026-09-28,2026-07-24,Send updated proposal to the exec sponsor,2026-08-26,omitted,4,CorePlatform,2026-07-11,0
OPP-0308,Ironanalytics Co,Ironanalytics Co CorePlatform new logo,Riley Southgate,propose,38402.74,USD,2026-05-08,2027-03-27,2026-07-29,Deliver ROI analysis to the platform team,2026-08-14,omitted,8,CorePlatform,2026-07-11,0
OPP-0309,Pioneersystems Co,Pioneersystems Co FlowOps renewal,Wren Yardley,closed_lost,170621.60,USD,2026-05-09,2026-06-21,2026-06-18,,,omitted,3,FlowOps,2026-05-25,0
OPP-0310,Silvernetworks Corp,Silvernetworks Corp EdgeConnect pilot,Reese Northcote,closed_won,1882285.66,USD,2026-03-04,2026-05-23,2026-05-18,,,omitted,6,EdgeConnect,2026-05-13,1
OPP-0311,Goldenfreight LLC,Goldenfreight LLC InsightHub pilot,Greer Ristori,qualify,34945.62,USD,2026-04-09,2026-09-12,2026-06-06,Propose rollout plan to IT steering group,2026-08-16,omitted,4,InsightHub,2026-07-13,0
OPP-0312,Zenithmaterials Corp,Zenithmaterials Corp CorePlatform new logo,Sage Vantrease,develop,56241.05,USD,2026-03-24,2026-12-30,2026-07-24,Present pricing options to the CFO office,2026-08-16,pipeline,5,CorePlatform,2026-07-06,0
OPP-0313,Harbordynamics Inc,Harbordynamics Inc EdgeConnect upgrade,Kendall Lindqvist,develop,139868.37,USD,2026-05-11,2026-09-29,2026-06-21,Present pricing options to the exec sponsor,2026-06-20,best_case,2,EdgeConnect,2026-06-30,1
OPP-0314,Pioneersoftware LLC,Pioneersoftware LLC EdgeConnect renewal,Darby Bramwell,propose,50215.94,USD,2026-07-05,2026-09-25,2026-08-05,Confirm security questionnaire with the CFO office,2026-08-29,pipeline,8,EdgeConnect,2026-07-12,0
OPP-0315,Zenithaerospace Inc,Zenithaerospace Inc InsightHub renewal,Finley Underhill,closed_won,230432.67,USD,2026-03-10,2026-04-29,2026-04-27,,,omitted,1,InsightHub,2026-04-21,0
OPP-0316,Pacificfreight Group,Pacificfreight Group DataSuite expansion,Jordan Vantrease,propose,0.00,USD,2026-06-18,2026-12-26,2026-08-02,Send updated proposal to the CFO office,2026-08-27,pipeline,4,DataSuite,2026-07-11,0
OPP-0317,Blueretail Group,Blueretail Group EdgeConnect new logo,Logan Ivesdale,propose,368676.53,USD,2026-06-24,2026-12-28,2026-08-04,,,commit,7,EdgeConnect,2026-07-13,0
OPP-0318,Cascadenetworks LLC,Cascadenetworks LLC CorePlatform upgrade,Sage Oakhurst,commit,101616.96,USD,2026-06-24,2026-12-31,2026-08-07,Review contract redlines with IT steering group,,commit,3,CorePlatform,2026-07-20,0
OPP-0319,Novamedia LLC,Novamedia LLC InsightHub renewal,Morgan Calloway,prospect,696310.16,USD,2026-04-25,2026-09-30,2026-05-05,Schedule technical deep-dive with IT steering group,2026-08-11,omitted,2,InsightHub,2026-07-19,0
OPP-0320,Quartzlabs LLC,Quartzlabs LLC InsightHub expansion,Corin Farrow,prospect,21244.35,USD,2026-04-01,2026-10-11,2026-07-09,Send updated proposal to legal counsel,2026-08-17,commit,4,InsightHub,2026-07-11,1
OPP-0321,Pioneerlogistics Corp,Pioneerlogistics Corp CorePlatform pilot,Harper Ivesdale,qualify,150196.79,USD,2026-05-17,2026-12-30,2026-08-05,Review contract redlines with legal counsel,2026-08-18,omitted,4,CorePlatform,2026-07-15,0
OPP-0322,Goldennetworks Inc,Goldennetworks Inc SecureStack new logo,Logan Denholm,propose,159807.98,USD,2026-02-04,2026-09-28,2026-08-01,Propose rollout plan to the CFO office,2026-08-28,omitted,4,SecureStack,2026-05-27,1
OPP-0323,Quartzfoods LLC,Quartzfoods LLC InsightHub upgrade,Blair Denholm,develop,56146.34,USD,2026-04-14,2026-06-04,2026-08-07,Schedule technical deep-dive with the platform team,2026-08-16,pipeline,7,InsightHub,2026-07-16,0
OPP-0324,Northernlogistics Inc,Northernlogistics Inc EdgeConnect upgrade,Zion Northcote,propose,15861.91,USD,2026-04-09,2026-12-24,2026-08-05,Propose rollout plan to legal counsel,2026-08-19,pipeline,6,EdgeConnect,2026-06-04,1
OPP-0325,Pacificaerospace Group,Pacificaerospace Group InsightHub new logo,Tatum Ivesdale,prospect,420596.41,USD,2026-02-14,2026-09-29,2026-05-31,Propose rollout plan to the CFO office,2026-08-20,best_case,7,InsightHub,2026-07-12,0
OPP-0326,Silverretail Inc,Silverretail Inc InsightHub upgrade,Frankie Denholm,propose,26711.06,USD,2026-06-16,2026-09-30,2026-08-02,Propose rollout plan to the exec sponsor,2026-08-15,pipeline,5,InsightHub,2026-07-16,4
OPP-0327,Crimsonenergy Co,Crimsonenergy Co CorePlatform new logo,Tatum Underhill,develop,117361.46,USD,2026-05-19,2026-09-29,2026-07-22,Follow up with the champion next week,2026-08-29,pipeline,6,CorePlatform,2026-06-29,1
OPP-0328,Northernfreight Co,Northernfreight Co InsightHub upgrade,Skyler Grantley,commit,35879.15,USD,2026-07-01,2026-09-25,2026-08-09,Present pricing options to procurement,2026-08-28,pipeline,3,InsightHub,2026-07-20,0
OPP-0329,Crimsonfreight LLC,Crimsonfreight LLC SecureStack expansion,Harper Grantley,develop,102482.80,USD,2026-05-11,2026-09-30,2026-08-07,Check in on budget status internally,2026-08-16,best_case,5,SecureStack,2026-06-28,1
OPP-0330,Summitlabs Co,Summitlabs Co EdgeConnect upgrade,Avery Calloway,qualify,123785.42,USD,2026-04-16,2027-03-25,2026-07-23,Propose rollout plan to the exec sponsor,2026-08-17,pipeline,7,EdgeConnect,2026-07-15,0
OPP-0331,Atlasmaterials Co,Atlasmaterials Co SecureStack pilot,Sage Bramwell,qualify,29353.49,USD,2026-04-13,2026-12-28,2026-07-21,Propose rollout plan to the CFO office,2026-08-25,commit,5,SecureStack,2026-07-12,0
OPP-0332,Vertexholdings Co,Vertexholdings Co DataSuite upgrade,Hollis Southgate,qualify,37823.90,USD,2026-06-24,2026-12-30,2026-07-28,Review contract redlines with the exec sponsor,2026-08-19,omitted,7,DataSuite,2026-07-15,1
OPP-0333,Ironretail Inc,Ironretail Inc CorePlatform expansion,Zion Calloway,prospect,266010.36,USD,2026-05-15,2026-12-29,2026-05-23,Confirm security questionnaire with the platform team,2026-07-02,pipeline,5,CorePlatform,2026-07-18,0
OPP-0334,Solarholdings Corp,Solarholdings Corp CorePlatform renewal,Greer Westerley,prospect,243760.81,USD,2026-04-27,2027-03-25,2026-07-26,Schedule technical deep-dive with legal counsel,2026-08-29,omitted,5,CorePlatform,2026-07-19,0
OPP-0335,Granitesystems Corp,Granitesystems Corp InsightHub new logo,Parker Thistlewood,qualify,183288.59,USD,2026-04-01,2026-12-30,2026-08-04,Review contract redlines with IT steering group,2026-08-25,pipeline,8,InsightHub,2026-06-15,1
OPP-0336,Ironrobotics Group,Ironrobotics Group InsightHub upgrade,Vesper Calloway,develop,140675.16,USD,2026-05-15,2027-03-18,2026-07-26,Send updated proposal to the platform team,2026-08-30,pipeline,4,InsightHub,2026-06-28,0
OPP-0337,Harborlabs LLC,Harborlabs LLC DataSuite upgrade,Ellis Lindqvist,qualify,239933.14,USD,2026-05-14,2026-07-02,2026-07-29,Confirm security questionnaire with IT steering group,2026-08-13,omitted,8,DataSuite,2026-07-20,1
OPP-0338,Solarindustries Group,Solarindustries Group SecureStack pilot,Kendall Grantley,propose,35721.87,USD,2026-05-27,2026-07-12,2026-08-03,Negotiate payment terms with procurement,2026-08-16,omitted,8,SecureStack,2026-07-14,1
OPP-0339,Cascademedia Corp,Cascademedia Corp EdgeConnect upgrade,Casey Grantley,develop,186782.04,USD,2026-05-24,2026-12-31,2026-07-29,Schedule technical deep-dive with procurement,2026-08-16,pipeline,5,EdgeConnect,2026-07-14,3
OPP-0340,Harborindustries Corp,Harborindustries Corp DataSuite new logo,Avery Ristori,develop,62872.79,USD,2026-07-01,2026-09-28,2026-07-29,Send updated proposal to legal counsel,2026-08-31,best_case,5,DataSuite,2026-07-02,4
OPP-0341,Quartzholdings Group,Quartzholdings Group FlowOps upgrade,Rowan Hollowell,qualify,35760.53,USD,2026-05-10,2027-03-31,2026-08-10,Propose rollout plan to procurement,2026-08-18,omitted,2,FlowOps,2026-07-12,0
OPP-0342,Granitesoftware Inc,Granitesoftware Inc CorePlatform upgrade,Quinn Ristori,prospect,17901.34,USD,2026-07-01,2026-09-23,2026-07-23,Propose rollout plan to the CFO office,2026-08-22,commit,5,CorePlatform,2026-07-16,0
OPP-0343,Crimsonmedia Co,Crimsonmedia Co FlowOps expansion,Marlow Bramwell,develop,34332.09,USD,2026-07-06,2027-01-13,2026-08-08,Deliver ROI analysis to the CFO office,2026-08-26,commit,5,FlowOps,2026-07-17,1
OPP-0344,Crimsonanalytics Co,Crimsonanalytics Co CorePlatform pilot,Quinn Oakhurst,closed_won,86674.98,USD,2026-02-01,2026-06-01,2026-05-30,,,omitted,4,CorePlatform,2026-05-02,1
OPP-0345,Atlasaerospace Group,Atlasaerospace Group SecureStack renewal,Tatum Lindqvist,qualify,41880.33,USD,2026-04-24,2026-09-11,2026-07-14,Confirm security questionnaire with IT steering group,2026-08-30,omitted,2,SecureStack,2026-07-16,1
OPP-0346,Crimsonmaterials Corp,Crimsonmaterials Corp SecureStack upgrade,Hollis Underhill,closed_won,429639.46,USD,2026-04-09,2026-08-03,2026-08-03,Follow up with the champion next week,2026-08-19,pipeline,2,SecureStack,2026-07-13,1
OPP-0347,Vertexfreight Inc,Vertexfreight Inc DataSuite upgrade,Riley Grantley,prospect,31990.19,USD,2026-04-01,2026-09-30,2026-07-05,Schedule implementation kickoff with IT,2026-08-27,pipeline,4,DataSuite,2026-07-11,0
OPP-0348,Atlasmedia Inc,Atlasmedia Inc EdgeConnect expansion,Darby Ashford,prospect,304393.70,USD,2026-04-01,2026-09-26,2026-07-21,Propose rollout plan to the platform team,2026-08-26,omitted,0,EdgeConnect,2026-07-18,0
OPP-0349,Cedarmedical Inc,Cedarmedical Inc SecureStack new logo,Noor Underhill,qualify,487034.53,USD,2026-06-03,2026-06-11,2026-08-04,Deliver ROI analysis to procurement,2026-08-13,best_case,8,SecureStack,2026-07-20,0
OPP-0350,Novaenergy Co,Novaenergy Co DataSuite upgrade,Blair Oakhurst,propose,44674.45,USD,2026-04-18,2026-09-29,2026-07-30,,,pipeline,7,DataSuite,2026-07-16,1
OPP-0351,Cascaderetail Co,Cascaderetail Co FlowOps pilot,Vesper Westerley,qualify,45818.61,USD,2026-04-01,2026-12-27,2026-07-21,Deliver ROI analysis to the exec sponsor,2026-08-18,best_case,5,FlowOps,2026-07-14,1
OPP-0352,Solarlogistics Co,Solarlogistics Co SecureStack upgrade,Darby Kirkwood,prospect,67346.02,USD,2026-04-19,2027-08-07,2026-07-26,Send updated proposal to legal counsel,2026-08-13,best_case,3,SecureStack,2026-07-12,0
OPP-0353,Northernsoftware Co,Northernsoftware Co EdgeConnect new logo,Hollis Marchetti,develop,93504.80,USD,2026-07-05,2026-12-31,2026-08-05,next steps,2026-08-21,pipeline,2,EdgeConnect,2026-07-15,1
OPP-0354,Pacificsoftware Corp,Pacificsoftware Corp FlowOps pilot,Zion Ristori,prospect,,USD,2026-04-01,2026-12-27,2026-07-14,Negotiate payment terms with procurement,2026-08-11,pipeline,2,FlowOps,2026-07-12,0
OPP-0355,Bluenetworks Inc,Bluenetworks Inc DataSuite upgrade,Zion Vantrease,propose,247200.64,USD,2026-07-01,2027-08-06,2026-07-29,Present pricing options to procurement,2026-08-17,omitted,7,DataSuite,2026-07-16,1
OPP-0356,Pacificdynamics Corp,Pacificdynamics Corp InsightHub renewal,Quinn Lindqvist,qualify,82528.55,USD,2026-07-01,2026-09-23,2026-07-26,Present pricing options to the CFO office,2026-08-25,omitted,3,InsightHub,2026-07-14,0
OPP-0357,Pacificaerospace Co,Pacificaerospace Co FlowOps pilot,Skyler Ivesdale,propose,274804.83,USD,2026-04-17,2026-05-24,2026-05-29,,,best_case,5,FlowOps,2026-05-31,1
OPP-0358,Crimsonsoftware Corp,Crimsonsoftware Corp CorePlatform renewal,Reese Denholm,propose,169571.74,USD,2026-04-16,2026-09-28,2026-08-02,Negotiate payment terms with the exec sponsor,2026-08-14,best_case,0,CorePlatform,2026-07-19,0
OPP-0359,Pacificmanufacturing Co,Pacificmanufacturing Co DataSuite new logo,Sage Eastvale,qualify,91932.61,USD,2026-05-23,2026-09-26,2026-08-06,Negotiate payment terms with the platform team,2026-08-31,pipeline,7,DataSuite,2026-07-16,1
OPP-0360,Crimsonmanufacturing LLC,Crimsonmanufacturing LLC InsightHub expansion,Corin Kirkwood,develop,25209.48,USD,2026-07-01,2026-09-28,2026-08-01,Send updated proposal to procurement,2026-08-22,omitted,5,InsightHub,2026-07-13,1
OPP-0361,Northernsoftware Inc,Northernsoftware Inc CorePlatform pilot,Rowan Westerley,prospect,18971.54,USD,2026-05-09,2026-09-28,2026-06-02,Schedule technical deep-dive with the platform team,,pipeline,5,CorePlatform,2026-07-12,0
OPP-0362,Novaanalytics Group,Novaanalytics Group EdgeConnect renewal,Blair Hollowell,prospect,268741.86,USD,2026-03-24,2026-09-30,2026-07-18,Propose rollout plan to legal counsel,2026-08-26,pipeline,0,EdgeConnect,2026-07-18,0
OPP-0363,Cascadefreight Corp,Cascadefreight Corp SecureStack upgrade,Wren Ivesdale,commit,86154.48,USD,2026-06-08,2026-09-30,2026-08-04,Present pricing options to legal counsel,2026-08-24,best_case,4,SecureStack,2026-07-20,0
OPP-0364,Ironanalytics Co,Ironanalytics Co CorePlatform pilot,Harper Bramwell,develop,104397.70,USD,2026-03-29,2026-09-22,2026-08-08,Present pricing options to the exec sponsor,2026-08-12,pipeline,8,CorePlatform,2026-07-10,0
OPP-0365,Quartzmaterials Co,Quartzmaterials Co InsightHub upgrade,Sage Jasperson,propose,270170.88,USD,2026-04-15,2026-12-20,2026-07-28,Confirm contract start date with legal,2026-08-16,best_case,7,InsightHub,2026-07-16,0
OPP-0366,Summitaerospace Co,Summitaerospace Co EdgeConnect pilot,Riley Ristori,propose,34791.82,USD,2026-04-06,2026-07-12,2026-08-02,Present pricing options to legal counsel,2026-08-28,pipeline,4,EdgeConnect,2026-07-15,0
OPP-0367,Novasystems Inc,Novasystems Inc SecureStack new logo,Riley Hollowell,prospect,471822.26,USD,2026-02-26,2026-09-23,2026-07-09,Deliver ROI analysis to IT steering group,2026-08-31,best_case,4,SecureStack,2026-07-19,1
OPP-0368,Harborlogistics Group,Harborlogistics Group InsightHub pilot,Riley Southgate,qualify,11539.14,USD,2026-03-26,2026-12-20,2026-07-30,Present pricing options to the platform team,2026-08-23,best_case,6,InsightHub,2026-07-16,0
OPP-0369,Silverholdings Co,Silverholdings Co SecureStack upgrade,Wren Yardley,develop,63282.82,USD,2026-04-07,2026-09-30,2026-07-26,Negotiate payment terms with legal counsel,2026-08-28,best_case,5,SecureStack,2026-05-29,0
OPP-0370,Novamedia Corp,Novamedia Corp CorePlatform expansion,Reese Northcote,closed_lost,254080.16,USD,2026-05-16,2026-08-03,2026-08-01,Touch base after their board meeting,2026-08-21,pipeline,3,CorePlatform,2026-07-20,2
OPP-0371,Pacificdynamics Inc,Pacificdynamics Inc InsightHub new logo,Greer Ristori,develop,20735.03,USD,2026-02-20,2026-09-27,2026-06-19,Schedule implementation kickoff with IT,2026-08-16,omitted,4,InsightHub,2026-07-02,0
OPP-0372,Northernfoods Corp,Northernfoods Corp SecureStack pilot,Sage Vantrease,closed_won,24056.24,USD,2026-02-07,2026-05-19,2026-05-15,,,omitted,6,SecureStack,2026-04-25,1
OPP-0373,Vertexdynamics Co,Vertexdynamics Co FlowOps new logo,Kendall Lindqvist,prospect,207605.78,USD,2026-02-09,2026-12-29,2026-05-10,Propose rollout plan to the platform team,2026-08-19,best_case,6,FlowOps,2026-07-15,0
OPP-0374,Harborfinancial Corp,Harborfinancial Corp CorePlatform pilot,Darby Bramwell,develop,15234.47,USD,2026-06-14,2026-12-16,2026-07-26,Present pricing options to procurement,2026-08-19,omitted,6,CorePlatform,2026-07-04,0
OPP-0375,Vertexholdings Inc,Vertexholdings Inc DataSuite new logo,Finley Underhill,prospect,127040.04,USD,2026-04-01,2027-07-18,2026-07-17,Schedule technical deep-dive with legal counsel,2026-08-16,omitted,8,DataSuite,2026-07-16,0
OPP-0376,Cedarfinancial LLC,Cedarfinancial LLC SecureStack pilot,Jordan Vantrease,prospect,223467.41,USD,2026-03-06,2026-09-28,2026-07-25,Schedule technical deep-dive with procurement,2026-08-17,pipeline,2,SecureStack,2026-07-14,0
OPP-0377,Novarobotics Co,Novarobotics Co FlowOps renewal,Logan Ivesdale,prospect,92549.30,USD,2026-06-03,2026-09-27,2026-07-01,Confirm security questionnaire with legal counsel,2026-08-29,commit,6,FlowOps,2026-07-17,1
OPP-0378,Northernmedia Group,Northernmedia Group FlowOps renewal,Sage Oakhurst,prospect,92262.11,USD,2026-04-20,2027-03-29,2026-07-26,Propose rollout plan to procurement,2026-08-11,commit,8,FlowOps,2026-07-12,0
OPP-0379,Silverenergy LLC,Silverenergy LLC InsightHub pilot,Morgan Calloway,closed_lost,102959.92,USD,2026-02-28,2026-05-19,2026-05-17,,,omitted,5,InsightHub,2026-04-06,0
OPP-0380,Pioneerfoods LLC,Pioneerfoods LLC SecureStack pilot,Corin Farrow,prospect,170008.85,USD,2026-02-26,2027-03-30,2026-06-28,Propose rollout plan to IT steering group,2026-08-18,commit,4,SecureStack,2026-07-15,0
OPP-0381,Summitmaterials Inc,Summitmaterials Inc FlowOps upgrade,Harper Ivesdale,prospect,376677.33,USD,2026-03-21,2026-09-30,2026-07-15,Propose rollout plan to the exec sponsor,2026-08-28,omitted,1,FlowOps,2026-07-12,0
OPP-0382,Atlasenergy LLC,Atlasenergy LLC CorePlatform pilot,Logan Denholm,propose,296558.00,USD,2026-06-14,2027-08-27,2026-08-09,Propose rollout plan to procurement,2026-08-18,best_case,3,CorePlatform,2026-07-13,0
OPP-0383,Lunarnetworks Co,Lunarnetworks Co FlowOps pilot,Blair Denholm,qualify,42046.53,USD,2026-02-03,2026-12-30,2026-07-15,Confirm security questionnaire with legal counsel,2026-08-27,best_case,7,FlowOps,2026-05-30,0
OPP-0384,Bluefreight Inc,Bluefreight Inc EdgeConnect upgrade,Zion Northcote,prospect,19821.48,USD,2026-04-06,2027-03-21,2026-07-29,Confirm security questionnaire with the platform team,2026-08-28,omitted,6,EdgeConnect,2026-07-20,0
OPP-0385,Summitfinancial Inc,Summitfinancial Inc FlowOps renewal,Tatum Ivesdale,prospect,154782.64,USD,2026-03-20,2026-12-21,2026-06-01,Deliver ROI analysis to procurement,2026-07-07,pipeline,6,FlowOps,2026-06-11,0
OPP-0386,Novaretail LLC,Novaretail LLC EdgeConnect expansion,Frankie Denholm,prospect,74870.25,USD,2026-07-05,2026-09-26,2026-08-09,Deliver ROI analysis to IT steering group,2026-08-18,commit,4,EdgeConnect,2026-07-13,0
OPP-0387,Ironsoftware Inc,Ironsoftware Inc EdgeConnect pilot,Tatum Underhill,qualify,34022.00,USD,2026-05-26,2026-12-27,2026-06-25,Deliver ROI analysis to the platform team,2026-08-13,omitted,5,EdgeConnect,2026-07-20,0
OPP-0388,Goldenmedia Co,Goldenmedia Co CorePlatform new logo,Skyler Grantley,develop,44396.94,USD,2026-04-08,2026-09-26,2026-07-19,Send updated proposal to the exec sponsor,2026-08-23,best_case,5,CorePlatform,2026-07-01,1
OPP-0389,Cedarsoftware LLC,Cedarsoftware LLC DataSuite renewal,Harper Grantley,prospect,42198.85,USD,2026-05-23,2026-09-26,2026-07-04,Confirm security questionnaire with IT steering group,2026-08-24,best_case,2,DataSuite,2026-07-17,0
OPP-0390,Cascadesystems LLC,Cascadesystems LLC InsightHub pilot,Avery Calloway,qualify,16532.03,USD,2026-05-26,2026-09-26,2026-08-06,Confirm security questionnaire with IT steering group,2026-08-11,best_case,8,InsightHub,2026-07-13,0
OPP-0391,Vertexlogistics Corp,Vertexlogistics Corp CorePlatform upgrade,Sage Bramwell,prospect,19701.67,USD,2026-03-22,2027-03-27,2026-07-04,Confirm security questionnaire with the exec sponsor,2026-08-21,commit,7,CorePlatform,2026-07-11,0
OPP-0392,Crimsondynamics Co,Crimsondynamics Co CorePlatform renewal,Hollis Southgate,qualify,16962.02,USD,2026-04-01,2026-09-23,2026-07-16,Present pricing options to procurement,2026-08-22,pipeline,3,CorePlatform,2026-07-14,0
OPP-0393,Novafoods LLC,Novafoods LLC EdgeConnect upgrade,Zion Calloway,develop,232101.31,USD,2026-04-01,2026-09-29,2026-06-12,Present pricing options to the exec sponsor,,best_case,6,EdgeConnect,2026-07-17,0
OPP-0394,Pioneerrobotics Inc,Pioneerrobotics Inc FlowOps new logo,Greer Westerley,develop,62200.11,USD,2026-02-15,2026-12-30,2026-07-21,Review contract redlines with legal counsel,2026-08-20,omitted,5,FlowOps,2026-05-28,1
OPP-0395,Pioneerenergy Co,Pioneerenergy Co FlowOps upgrade,Parker Thistlewood,commit,0.00,USD,2026-04-22,2026-12-24,2026-08-08,Deliver ROI analysis to the exec sponsor,2026-08-27,best_case,3,FlowOps,2026-07-20,0
OPP-0396,Crimsonholdings Co,Crimsonholdings Co CorePlatform renewal,Vesper Calloway,qualify,26242.83,USD,2026-05-23,2026-12-30,2026-07-27,Negotiate payment terms with the exec sponsor,2026-08-29,pipeline,6,CorePlatform,2026-07-17,0
OPP-0397,Crimsonindustries Group,Crimsonindustries Group InsightHub pilot,Ellis Lindqvist,develop,151048.88,USD,2026-06-13,2026-09-28,2026-07-31,Propose rollout plan to the CFO office,2026-08-19,best_case,5,InsightHub,2026-07-12,1
OPP-0398,Lunarholdings Inc,Lunarholdings Inc EdgeConnect new logo,Kendall Grantley,qualify,27696.60,USD,2026-03-21,2026-09-29,2026-07-20,Confirm security questionnaire with the CFO office,2026-08-30,omitted,4,EdgeConnect,2026-07-15,0
OPP-0399,Solarfinancial Co,Solarfinancial Co SecureStack upgrade,Casey Grantley,commit,108237.54,USD,2026-06-09,2026-07-17,2026-08-03,Review contract redlines with the platform team,2026-08-17,best_case,7,SecureStack,2026-07-20,2
OPP-0400,Crimsonfoods LLC,Crimsonfoods LLC SecureStack upgrade,Avery Ristori,propose,9204.67,USD,2026-06-24,2026-09-28,2026-08-05,Confirm security questionnaire with the platform team,2026-08-11,best_case,5,SecureStack,2026-07-18,0
OPP-0401,Northernindustries Corp,Northernindustries Corp InsightHub renewal,Tatum Lindqvist,closed_won,11446.73,USD,2026-03-12,2026-08-10,2026-06-12,Confirm security questionnaire with the CFO office,2026-07-26,omitted,7,InsightHub,2026-06-29,1
OPP-0402,Cedarfreight Corp,Cedarfreight Corp SecureStack renewal,Vesper Westerley,develop,39331.96,USD,2026-03-20,2026-12-30,2026-07-30,Present pricing options to the exec sponsor,2026-08-18,pipeline,2,SecureStack,2026-07-08,1
OPP-0403,Solarfoods Corp,Solarfoods Corp SecureStack renewal,Marlow Bramwell,commit,69551.28,USD,2026-05-28,2026-09-25,2026-08-09,Schedule technical deep-dive with IT steering group,2026-08-13,commit,7,SecureStack,2026-07-24,3
OPP-0404,Cedardynamics Inc,Cedardynamics Inc SecureStack renewal,Logan Ivesdale,qualify,159444.06,USD,2026-03-16,2026-12-23,2026-07-21,Schedule technical deep-dive with the exec sponsor,2026-08-20,pipeline,2,SecureStack,2026-07-13,3
OPP-0405,Quartzmaterials Corp,Quartzmaterials Corp SecureStack expansion,Rowan Westerley,commit,133611.73,USD,2026-06-28,2026-09-20,2026-08-09,Deliver ROI analysis to legal counsel,2026-07-13,pipeline,2,SecureStack,2026-08-03,0
OPP-0406,Goldenlabs Co,Goldenlabs Co SecureStack expansion,Corin Farrow,qualify,20835.90,USD,2026-04-16,2026-09-29,2026-08-08,Deliver ROI analysis to procurement,2026-08-13,omitted,4,SecureStack,2026-07-13,0
OPP-0407,Harborrobotics Co,Harborrobotics Co SecureStack pilot,Zion Calloway,qualify,335330.25,USD,2026-05-23,2026-12-29,2026-07-09,Review contract redlines with the CFO office,2026-07-23,pipeline,6,SecureStack,2026-08-03,0
OPP-0408,Goldensoftware Group,Goldensoftware Group DataSuite renewal,Skyler Ivesdale,develop,45460.02,USD,2026-07-01,2026-09-10,2026-07-11,Review contract redlines with the CFO office,,best_case,3,DataSuite,2026-08-05,0
OPP-0409,Solarmedia Corp,Solarmedia Corp DataSuite upgrade,Quinn Ristori,develop,26322.42,USD,2026-06-22,2027-03-30,2026-08-08,Propose rollout plan to the exec sponsor,2026-08-24,commit,5,DataSuite,2026-07-18,1
